timestamp_offset,vibration,bearing_temp,flow_rate,head_pressure,rpm,label
0.0,1.9896983603993308,67.99956459904662,0.8578837893334998,1.4661270584302224,751.8988134559471,anomaly
0.10008340283569642,2.6014367700411385,67.84354616603137,0.8471096968383117,1.438990180219058,749.4613815084138,anomaly
0.20016680567139283,1.996857206813976,67.99010936453917,0.8575500744636082,1.450706016796295,747.2716025990347,anomaly
0.3002502085070893,1.551463330323135,67.95735990208381,0.854369034727088,1.444248166237813,750.841245347616,anomaly
0.40033361134278567,1.9216482041604594,67.9666685801156,0.8541286080599746,1.4388063493407346,750.5472866747614,anomaly
0.5004170141784821,2.417038757263181,68.08350499165653,0.869901054096265,1.4583161932920095,749.4636677145103,anomaly
0.6005004170141786,1.8100909116308754,67.99497209958709,0.8787551651477962,1.4685772752342496,750.8986077611589,anomaly
0.700583819849875,1.4525223950344561,68.06578958379276,0.8794031516431942,1.4331103401849803,749.1498826647144,anomaly
0.8006672226855713,2.0331839746033236,67.97829391492515,0.8738001230715534,1.463141318247734,748.1256560159102,anomaly
0.9007506255212677,2.4112428144619096,67.9601662689581,0.8430566337729779,1.4518282418162958,747.0871591699165,anomaly
1.0008340283569641,1.9583041323956714,67.94976669064845,0.8516703375750867,1.4243189518292305,752.73971563375,anomaly
1.1009174311926606,1.5385198666555138,68.09185329995027,0.8334566744209092,1.4724955798747508,751.4868623176378,anomaly
1.2010008340283571,2.0113072838402997,67.94171871826924,0.844668676850456,1.4456758490784285,746.7451669732234,anomaly
1.3010842368640534,2.4701245974003685,68.03358118546609,0.8335935842312998,1.4464975985546344,747.3427943227575,anomaly
1.40116763969975,2.0157821715937656,68.06202466077244,0.8347556110404758,1.4478361306535492,750.5663025249745,anomaly
1.5012510425354462,1.6049362475863713,68.03006297378107,0.8355551370991676,1.4465922713626207,749.8938099613105,anomaly
1.6013344453711427,2.1559978423219928,67.98366473760126,0.8351871902803804,1.4499016564708165,750.5580224785126,anomaly
1.7014178482068392,2.656585029059111,68.01270748943153,0.8154888479034892,1.4459542421007576,752.3122940311288,anomaly
1.8015012510425354,2.1829495260563188,67.89800808576162,0.831156086828256,1.4448496368326997,749.0677524649496,anomaly
1.901584653878232,1.2515056356740886,68.04420359039295,0.8342983947779223,1.4407327910589327,750.608958218904,anomaly
2.0016680567139282,1.7465009620493799,67.99913522654413,0.8545893320609982,1.4387751967817355,749.9970044946016,anomaly
2.1017514595496247,2.6051458458594134,68.0616465878837,0.8514209381189023,1.4590663072991377,752.2849056774031,anomaly
2.2018348623853212,1.997829751786125,67.98204411449531,0.8510586670382604,1.4678016817239052,749.437012143989,anomaly
2.3019182652210177,1.5837689282269023,68.09466170459442,0.87854063655499,1.4506113590761769,750.4667258842017,anomaly
2.4020016680567142,2.0398950664035205,67.96644149116871,0.8591337819682061,1.4548820243485536,749.2154731696124,anomaly
2.5020850708924103,2.337793678590011,68.02901103611767,0.8649683966729821,1.4626843020724272,750.5212449857052,anomaly
2.602168473728107,1.859145923545898,68.00052903477712,0.8715091467767727,1.4447303609849147,750.9510354460876,anomaly
2.7022518765638033,1.6390652629773181,67.9866878638368,0.8758613415494584,1.4608099487738375,750.1422773663242,anomaly
2.8023352793995,2.2253019983796833,68.03102172644998,0.8576561434134512,1.4702351583658593,750.2682005064036,anomaly
2.9024186822351963,2.5199284635394297,68.03168179842064,0.8420793570132906,1.4494168039927455,750.9344212796775,anomaly
3.0025020850708923,1.743229244212046,68.05560180250522,0.8562520061100132,1.4483854295823515,748.9909480830837,anomaly
3.102585487906589,1.5103474540463393,68.08751782831582,0.8514411441815944,1.44674160581657,748.6716443528246,anomaly
3.2026688907422853,2.0745466753787047,68.10368025185852,0.8370909545752467,1.4345341508176233,748.5741432763313,anomaly
3.302752293577982,2.449563765199739,67.93698680165043,0.8253003383456647,1.4338069207009028,748.7414496508412,anomaly
3.4028356964136783,1.994821739561335,68.1002242439906,0.82707105385312,1.4439173829892928,749.5997735226674,anomaly
3.5029190992493744,1.5295993838666622,68.07036173354209,0.8407672397121795,1.4589545976601948,751.1135229101405,anomaly
3.603002502085071,1.991251617407444,68.05821366684165,0.8360853103780382,1.4531714905660744,750.8064150625153,anomaly
3.7030859049207674,2.2759359725564705,68.19087999415736,0.8234678923632048,1.4545048852439735,751.241362010119,anomaly
3.803169307756464,1.7379474264918222,68.05155456853744,0.8225287466774924,1.4482954232534637,751.2585541019523,anomaly
3.9032527105921604,1.6055818656478262,68.08112318058716,0.8446887544218227,1.46250550552171,750.8233530370936,anomaly
4.0033361134278564,2.126063654280649,68.1815044073573,0.8311309142132636,1.4740299280833749,750.289602141531,anomaly
4.103419516263553,2.441690876476989,68.05497945333389,0.8482052051183412,1.4357574373649815,752.5110636621214,anomaly
4.2035029190992494,1.6801878287675043,68.03638308649674,0.8790221759817494,1.4435876880566856,750.7658255619465,anomaly
4.3035863219349455,1.476681545144517,68.06514516879525,0.869297931857969,1.4389955289078424,751.2904798396607,anomaly
4.4036697247706424,2.1502481161273064,68.16050192343114,0.8729013619437738,1.4623012781936557,749.2004129751075,anomaly
4.5037531276063385,2.49532912717364,68.04038583836375,0.8683988036363961,1.4549389429785797,748.9812892523851,anomaly
4.6038365304420354,1.9430206525852118,68.10149056788532,0.894805556807073,1.4275054654405084,750.1909612801476,anomaly
4.7039199332777315,1.3835203299003966,68.13275596554742,0.8657317193266808,1.4446837788276055,751.2226563616252,anomaly
4.8040033361134284,2.2050940268040105,68.032725564066,0.858171471049025,1.4641974024854214,748.6602828594645,anomaly
4.9040867389491245,2.4842257193810973,68.02688381333382,0.8735737480887399,1.4705088954424168,748.2305304216303,anomaly
5.004170141784821,1.880837855387803,68.0436837525804,0.8356835514154259,1.4591844834585355,752.6337323900565,anomaly
5.1042535446205175,1.563419433309997,68.05296423147776,0.8543287447750566,1.4655685618405705,750.0482961516077,anomaly
5.204336947456214,2.1692761578109008,67.9698798417749,0.845549050401267,1.4353503193727066,749.935390512522,anomaly
5.3044203502919105,2.415737720994776,68.02892298256516,0.8186657328969198,1.461870101680918,748.838152594423,anomaly
5.404503753127607,1.8785521929915305,68.01464979116001,0.8266317834234167,1.4405224641645635,750.2152060090049,anomaly
5.504587155963303,1.4394220077448763,68.12244641315634,0.8093501617814465,1.448081541767916,748.0162169430225,anomaly
5.604670558799,2.256375346217818,67.9937441365839,0.8335171899719781,1.4605677036759397,752.1223282387803,anomaly
5.704753961634696,2.283960373451803,68.02313907766093,0.8425077909496939,1.450950962197071,747.5473968925421,anomaly
5.804837364470393,1.7047115466116733,68.06436705013378,0.8306967910045646,1.4493125337140451,748.2372599834074,anomaly
5.904920767306089,1.4776530791389735,68.09376458235384,0.829463406906336,1.4498293319651836,747.8366223630333,anomaly
6.005004170141785,2.082705840609323,68.04945622512302,0.8586861352979753,1.4262440319488436,751.1568625811565,anomaly
6.105087572977482,2.5026443783015813,68.05897961611976,0.8605439596896308,1.4623528364707632,749.0825382782347,anomaly
6.205170975813178,1.8093993174438685,67.98862280152106,0.8784849879507072,1.425961284479653,750.2836784886497,anomaly
6.305254378648875,1.4876578307381876,68.12863859060326,0.8787245924406627,1.445982903132327,750.2691663951548,anomaly
6.405337781484571,2.3419108773756623,68.0423541780545,0.8498479600517852,1.4570405859788989,751.4458646507856,anomaly
6.505421184320267,2.416541329303324,68.08821952323835,0.8592634378974341,1.4547995935279645,750.4137145254012,anomaly
6.605504587155964,1.7933007977529336,68.10629857576511,0.877624709374501,1.4475279362158648,746.8591669506188,anomaly
6.70558798999166,1.4846918775163904,68.06184119438726,0.8531234665730737,1.4416116337658058,749.5587806259713,anomaly
6.805671392827357,2.213784580992859,68.09785752021672,0.8704019536509601,1.4519084045665311,752.8493179207077,anomaly
6.905754795663053,2.4281061052125614,68.05661185499036,0.864732379774712,1.4381427764425585,748.6921347846734,anomaly
7.005838198498749,1.4464013122665975,68.03506384682153,0.8358163338895033,1.4460762868719774,749.5216058816362,anomaly
7.105921601334446,1.4593838350383967,68.12867008111341,0.8391916939280477,1.4340384694380826,749.7227334826439,anomaly
7.206005004170142,2.4132096852714415,68.0687477185375,0.8368248054795868,1.4479076005724365,749.3027647437018,anomaly
7.306088407005839,2.1992613383783106,68.17428022262743,0.8305008141442977,1.4571112144711817,748.6454591889687,anomaly
7.406171809841535,1.793565661632488,68.08360942011156,0.8336761025328003,1.4626815701313645,749.5429602287171,anomaly
7.506255212677231,1.5492054464054943,68.08870903894744,0.8172029904185583,1.4654712810326869,749.713752795817,anomaly
7.606338615512928,2.1788589196276784,68.05161662902492,0.8260541161683551,1.437306858808003,747.3046251947817,anomaly
7.706422018348624,2.470618001246258,68.11248573187781,0.8394953153559042,1.4537137330871612,749.0250427615017,anomaly
7.806505421184321,1.7175506723144711,68.1053965916527,0.8610591391587624,1.4484001759021867,749.4168845176898,anomaly
7.906588824020017,1.6839310591398444,68.13755500269197,0.8467534290360029,1.444800077876097,750.5962601610356,anomaly
8.006672226855713,2.388645550481179,68.11402676379166,0.8714499539139965,1.4573981752914498,750.6235936860359,anomaly
8.10675562969141,2.4193319593307785,68.16875256516606,0.8520936526066956,1.4473791616902483,748.952333039353,anomaly
8.206839032527107,1.6501133385727507,68.05291237730486,0.879671156583577,1.446340997169346,750.0822207847597,anomaly
8.306922435362802,1.8174625170189198,68.0712218987411,0.8634353580079478,1.4599114446959502,748.7794185788969,anomaly
8.407005838198499,2.406724141075938,68.15134499421794,0.8738235390879372,1.4414929666699337,747.7933177771012,anomaly
8.507089241034196,2.3540389795340912,68.09563937669145,0.8691142322923311,1.4482613713890533,748.9001627246862,anomaly
8.607172643869891,1.9435872248617723,68.11349604179276,0.869887439541214,1.4504318833495657,747.0770272515448,anomaly
8.707256046705588,1.7303081047462618,68.02698151437107,0.8743550154749191,1.437468958826406,746.8217113501507,anomaly
8.807339449541285,2.269493808719469,68.05808655057105,0.8440241202077936,1.438896023256466,749.612560336036,anomaly
8.907422852376982,2.4679598645344987,68.03354110768866,0.8568828194693466,1.4440474258468092,747.6937732069613,anomaly
9.007506255212677,1.6999292653808824,68.09935509049542,0.8531948818133457,1.4514179216217629,750.6955990149829,anomaly
9.107589658048374,1.5376576448293322,68.15999611110885,0.8288664113725633,1.4347015895684823,751.8298002312796,anomaly
9.207673060884071,2.3584014427542703,68.12114762043113,0.8563085519679782,1.4493805445170413,751.0555129621024,anomaly
9.307756463719766,2.4217660473577833,68.09081820324008,0.8348062708944678,1.4627492240837539,750.0393002155525,anomaly
9.407839866555463,1.7006469810878722,68.16462569735734,0.8238944178296025,1.4522439805736551,749.8102613728436,anomaly
9.50792326939116,1.5872771268516854,68.06860105845259,0.8296546224186315,1.4658671347919725,748.3585497614407,anomaly
9.608006672226857,2.3155661686679623,68.10966122845555,0.8348194430162319,1.4542599130785905,749.2695480608503,anomaly
9.708090075062552,2.3705894816945303,68.14467088673041,0.8217724533794619,1.4478837877373318,749.4761118531384,anomaly
9.808173477898249,1.6817268953584352,68.10596585815736,0.8567881735892028,1.4673169474538612,751.3357380528864,anomaly
9.908256880733946,1.6455883215647151,68.09041704583463,0.8513449014139742,1.4466797712643713,750.9976035054633,anomaly
10.008340283569641,2.3782075597745003,68.05444342471908,0.8291905794524136,1.448684194820401,749.1200832029251,anomaly
10.108423686405338,2.406954557373469,68.0960413260053,0.8527588095412646,1.4596677996764633,750.0499303639855,anomaly
10.208507089241035,1.7621786714139114,68.10750315408005,0.8715566172604147,1.4629420084533353,747.9674356229278,anomaly
10.30859049207673,1.733591361624495,68.22544550971249,0.8807392365487194,1.4417563042839248,750.0759652000099,anomaly
10.408673894912427,2.466433377122483,68.13156394086346,0.8880129428989639,1.4310294418264813,748.7575760565767,anomaly
10.508757297748124,2.4109776407284746,68.12248153391673,0.8717026075645172,1.4341392805717417,746.8981960733329,anomaly
10.608840700583821,1.5760954041052484,68.16057657370804,0.8490864777007484,1.4546255391797016,751.1240997774066,anomaly
10.708924103419516,1.6931821475265822,68.2963169435854,0.8593779066422437,1.4407542026132512,749.291466752078,anomaly
10.809007506255213,2.3434998549209727,68.14688696517446,0.8498592525698911,1.461073363248185,748.7885827340448,anomaly
10.90909090909091,2.3895644073350804,68.18096370947553,0.8529770705339251,1.4446123568637947,749.1136556237677,anomaly
11.009174311926605,1.674109270181457,68.14244792900787,0.8471042378582794,1.4478242203454177,750.5803235754034,anomaly
11.109257714762302,1.5701532433174679,68.1582651966847,0.8499128572197766,1.4411564946741122,749.1884112188359,anomaly
11.209341117598,2.200356755888413,68.12227798611096,0.8472289359954632,1.4434893385121366,749.2477149935511,anomaly
11.309424520433694,2.465823699134575,68.0827718052761,0.8385654070669364,1.433821575729696,748.7905990129009,anomaly
11.409507923269391,1.4908612438396531,68.12205903417292,0.832517351490482,1.4298440720769099,749.5236065179123,anomaly
11.509591326105088,1.5131591538725488,68.1756544105661,0.8276722656153951,1.4424993360085285,749.9342463343635,anomaly
11.609674728940785,2.334153071774685,68.19699700971992,0.8222467887082503,1.4597164654701094,750.5411126895915,anomaly
11.70975813177648,2.4612595923832643,68.16849416010716,0.8267862177694589,1.4244707842091693,747.7372108329672,anomaly
11.809841534612177,1.4363307156492595,68.13708280862939,0.8367731642729042,1.4460469543739611,749.9914268788534,anomaly
11.909924937447874,1.8643775409059475,68.11075018020784,0.8403302373647152,1.4566381941733224,750.3037000362918,anomaly
12.01000834028357,2.25961048407542,68.17938436408825,0.8654366964178029,1.4413565170512517,749.6630381592121,anomaly
12.110091743119266,2.271744430539757,68.08430103072214,0.8432472833314067,1.4413041296619453,747.8054477176702,anomaly
12.210175145954963,1.7039819735668813,68.12810267301587,0.865221983648925,1.4456502439837573,750.1670225704241,anomaly
12.310258548790658,1.8219348617828144,68.11758456850298,0.8619331793690427,1.4530207851375743,753.3261043434351,anomaly
12.410341951626355,2.338082146505901,68.18352129790863,0.8676427273114021,1.4513009334714297,747.4066739820031,anomaly
12.510425354462052,2.2430064824716704,68.07252432189391,0.8809353394424406,1.4578917516321204,747.5702747894227,anomaly
12.61050875729775,1.716006721972592,68.2237202183093,0.864065751678326,1.445655610434614,749.104239063875,anomaly
12.710592160133444,1.655985582113733,68.09090058556664,0.8354108265763517,1.4490142747665902,752.4447559661015,anomaly
12.810675562969141,2.3780846644532097,68.09839077916735,0.8474109782842805,1.443660709562589,745.973103273636,anomaly
12.910758965804838,2.2698469111649096,68.18241224258422,0.8544921266088771,1.4464218526514325,750.3686351984542,anomaly
13.010842368640533,1.739112152796052,68.12204877347091,0.8559053158823321,1.4673280350851876,747.611443365551,anomaly
13.11092577147623,1.6309586682561754,68.15505106742543,0.832780061271391,1.449930787790831,748.7406912463008,anomaly
13.211009174311927,2.353301222339063,68.13892773681299,0.8418441822189561,1.4513212649219414,750.6761253598689,anomaly
13.311092577147624,2.1934685452032037,68.06519794104905,0.8378453674574255,1.460873342900978,752.2211990107351,anomaly
13.41117597998332,1.4928553474713686,68.05381080576088,0.8369147635403541,1.4454802914018605,750.5028817120492,anomaly
13.511259382819016,1.776449789005976,68.17409190837355,0.8296976801064521,1.4491165529916834,749.1560717647391,anomaly
13.611342785654713,2.278579278229643,68.11705790749124,0.8202987693436856,1.445285676963641,751.3625079348286,anomaly
13.711426188490409,2.1469042813620725,68.1658617470245,0.8469682270526094,1.4439727594695988,749.8011977325984,anomaly
13.811509591326105,1.473958975852806,68.21978299427711,0.8371595612904167,1.4527119200270906,748.5319533386505,anomaly
13.911592994161802,1.8623053359582886,68.21514390298461,0.8527995653480905,1.4642993535023876,750.8493433284607,anomaly
14.011676396997498,2.5495923793387187,68.14263095778517,0.8564792059403756,1.4442041132505419,748.6166306962465,anomaly
14.111759799833195,2.1763213910864447,68.1081646654935,0.839380630783174,1.4559674233076927,751.1110109921748,anomaly
14.211843202668891,1.5884546193469282,68.13617393056549,0.8647720088184718,1.4456730725638336,748.13005809651,anomaly
14.311926605504588,1.5790982713375603,68.1363274750025,0.8544264177392844,1.4623669566176916,748.6713364417461,anomaly
14.412010008340284,2.514329170973517,68.18236128606866,0.851665270654587,1.4404124672968124,749.7198739203044,anomaly
14.51209341117598,2.3424294450628382,68.1616899948525,0.8767022047753198,1.4570308855023852,748.3400285675966,anomaly
14.612176814011677,1.5304606360758248,68.1859657404867,0.8688572260798294,1.455468737174478,746.9781519971758,anomaly
14.712260216847373,1.5592704891387141,68.22356805197765,0.8855695328362164,1.4599726503606134,747.5651857528926,anomaly
14.81234361968307,2.464298602997543,68.16899492502014,0.8593845449369121,1.4367690124186907,747.2882070684278,anomaly
14.912427022518767,2.3010748187254757,68.18195582607343,0.8623305038178931,1.4525179342616903,748.9986393844036,anomaly
15.012510425354462,1.682434601200256,68.23422714591746,0.849678581877422,1.449434642180443,751.7924168001758,anomaly
15.112593828190159,1.5840360742796402,68.17654181825407,0.8363285518323286,1.450399543702045,748.2496112511561,anomaly
15.212677231025856,2.4608071373466873,68.0554591601548,0.8332900483831516,1.4541115795447053,747.7904867364609,anomaly
15.312760633861553,2.374082050276823,68.18222523642163,0.8288214329716187,1.4691377135641772,748.8715747416705,anomaly
15.412844036697248,1.668966350332537,68.19209945484681,0.8199563274986628,1.4449726164996226,749.7271146296326,anomaly
15.512927439532945,1.6748980268639482,68.19367778961366,0.8339913349458187,1.465031989766919,749.5397971974805,anomaly
15.613010842368642,2.623124794562665,68.24737471236656,0.8131479224760645,1.4646947816472857,749.1426040574203,anomaly
15.713094245204337,2.1838199450580644,68.20061100965172,0.8247244529377235,1.453079178574569,749.698937779615,anomaly
15.813177648040034,1.659788863972268,68.11086602455933,0.8435895270753992,1.4456810145743575,749.1972531405947,anomaly
15.91326105087573,1.7525063144007509,68.17644246919313,0.8475582860390883,1.4401007250359108,747.482044473105,anomaly
16.013344453711426,2.5978450522824508,68.14069621597703,0.8454146853899855,1.4454719754298277,751.8962888020043,anomaly
16.113427856547123,2.3435428012576858,68.18131563097327,0.8778218265416216,1.446688778327211,749.4157865691545,anomaly
16.21351125938282,1.5215000491099522,68.11317149060874,0.8617025618204667,1.4486489430316427,749.5211526923728,anomaly
16.313594662218517,1.8549927145835108,68.23602967125183,0.8594701547802643,1.4432178590621991,748.5080991169067,anomaly
16.413678065054214,2.536478219209984,68.21264772670624,0.8748243620810958,1.4447663429548023,750.1611047246132,anomaly
16.51376146788991,2.2810887427907875,68.18318301487345,0.866419255673769,1.46278637687135,750.3938674131659,anomaly
16.613844870725604,1.4399969690312708,68.08530442849121,0.8582931032615995,1.4531913935550496,752.0343244479883,anomaly
16.7139282735613,1.6507366216192456,68.2323924720404,0.8607742932950062,1.470184414713575,750.2701776274469,anomaly
16.814011676396998,2.276469957319474,68.04236696876643,0.8606466529204059,1.4325021353760816,749.0262957047706,anomaly
16.914095079232695,2.3474217571702027,68.1793701320572,0.8350357087281113,1.433400257648585,751.0615844237805,anomaly
17.01417848206839,1.6097653137499983,68.092082714625,0.8407991554795481,1.4513914237776422,752.427063591303,anomaly
17.11426188490409,1.6792156980084019,68.0638600599836,0.8558286959291258,1.4467114694863514,749.3002949423943,anomaly
17.214345287739782,2.550407926472353,68.17628313397965,0.835806544005218,1.443613054112359,751.3559484884504,anomaly
17.31442869057548,2.1810195246040234,68.13518747587892,0.8446868104713245,1.460275724074191,751.6640740856177,anomaly
17.414512093411176,1.5470502616769815,68.15812340801969,0.8345429039266492,1.4385432312771247,751.4188682370705,anomaly
17.514595496246873,1.8090251484386384,68.15468164219568,0.8213388147849225,1.4378744866150812,749.8619024884082,anomaly
17.61467889908257,2.5049891586720654,68.17271390415222,0.8423647484253275,1.4391989330532458,749.9661503136473,anomaly
17.714762301918267,2.1494599530884653,68.20773525847018,0.8579299325235353,1.4404733585137428,749.1631554313637,anomaly
17.814845704753964,1.4817829674778666,68.15890774575037,0.8422841243859275,1.4593451220070177,753.3319040726426,anomaly
17.914929107589657,1.814881009920664,68.18747923162064,0.8476664639090188,1.446001224706117,750.3414008030917,anomaly
18.015012510425354,2.3063457680252504,68.25733856422201,0.8542142016403027,1.4467324868982883,747.5537901300177,anomaly
18.11509591326105,2.249654253342417,68.16684482013923,0.8486309166304596,1.4476082686942533,751.3145046530276,anomaly
18.215179316096748,1.3454365994291944,68.08258466701326,0.86307856479035,1.4585476448968304,748.1427185622596,anomaly
18.315262718932445,1.8513685719563027,68.18906215525266,0.8600937043541942,1.45900344028139,751.8087973354669,anomaly
18.415346121768142,2.3673584507770915,68.17199145844467,0.8752153939773799,1.4469009364478953,752.1828861387693,anomaly
18.51542952460384,2.273591232562748,68.22235820740138,0.8733902903171067,1.4371652146471035,749.5230589314958,anomaly
18.615512927439532,1.4583368201286973,68.21459281875006,0.8645554013017629,1.4659335462298104,750.9824068486466,anomaly
18.71559633027523,1.7057652126350455,68.10775566645007,0.8395995229506527,1.442185092633041,750.6340772222942,anomaly
18.815679733110926,2.557999629912494,68.10328857105058,0.8621855049206318,1.4462443592158272,749.2615659208676,anomaly
18.915763135946623,2.0214292760407044,68.21349080174649,0.8608729358311696,1.4400466684320512,751.1440134421068,anomaly
19.01584653878232,1.3174310233975857,68.18185665806855,0.8413666859488812,1.4494786504138413,750.1439917443023,anomaly
19.115929941618017,1.8177473821964691,68.29612425189751,0.8419251369371048,1.4440294799807047,751.2517496037776,anomaly
19.216013344453714,2.403370589656591,68.24071396546952,0.8432665132792233,1.447143063434619,750.5277750162214,anomaly
19.316096747289407,2.180250741869969,68.17839745114146,0.8342458886473118,1.4532879424671952,749.2635244820949,anomaly
19.416180150125104,1.4182647507784916,68.16928298222761,0.8321824850000493,1.441195155907249,749.7687783024818,anomaly
19.5162635529608,1.7240163834989342,68.18245783928913,0.8299304906968854,1.4550123572610199,750.8573972850434,anomaly
19.616346955796498,2.389660846416439,68.13964736803617,0.8395923411222109,1.435636009694302,750.6641454015833,anomaly
19.716430358632195,2.0409662734746727,68.26025173734392,0.8510681911475892,1.4574288458825926,750.457842378526,anomaly
19.816513761467892,1.533156119000099,68.15966019101788,0.8341418589979248,1.4340461703526337,750.1718559592349,anomaly
19.916597164303585,1.956343785441197,68.29448142681848,0.8481951935413637,1.462341072247085,751.627347911722,anomaly
20.016680567139282,2.539585267726681,68.29024891790837,0.8555119762106552,1.4547369741376455,747.0071916144345,anomaly
20.11676396997498,2.0671729491695747,68.20626286365226,0.8681946683909966,1.4530894508479408,750.8935875361383,anomaly
20.216847372810676,1.3909148605078452,68.1438239361938,0.8536220723469049,1.4628461353928395,747.3740456307821,anomaly
20.316930775646373,1.7597943765102557,68.22969587735165,0.8732257971045229,1.4442669364618224,751.9208091805837,anomaly
20.41701417848207,2.583537493824627,68.16184141001415,0.873530666685475,1.4439171651965177,749.1109007662442,anomaly
20.517097581317767,2.082603664255972,68.30572953988921,0.8713681590771039,1.4400082178322149,749.8224353474544,anomaly
20.61718098415346,1.4937576292182082,68.19740867371738,0.888071642171179,1.4562789598549906,748.6189297774783,anomaly
20.717264386989157,1.8629114574829804,68.19372577854904,0.856223370855383,1.4486966625228634,749.4212698063651,anomaly
20.817347789824854,2.4449279288999257,68.24691143668552,0.8517808456977162,1.445447008366542,749.765162946668,anomaly
20.91743119266055,2.2200581554218064,68.15483184113725,0.8540856288283012,1.4503003620006718,751.7931425075485,anomaly
21.017514595496248,1.4777786335823946,68.19689703252615,0.8554065771238446,1.454409530767859,750.0866183721972,anomaly
21.117597998331945,1.873909633901266,68.25375692873206,0.8380512016487432,1.4409240776778827,753.5194678836102,anomaly
21.217681401167642,2.4041509732745654,68.23270020684166,0.8405356977583291,1.445576413825332,749.9740904748733,anomaly
21.317764804003335,2.1245959882610927,68.13273553454506,0.8338467511200007,1.455543929310568,752.127977537511,anomaly
21.417848206839032,1.5227573627506752,68.10739618534652,0.8218455096667261,1.4552854569258995,750.8282206675392,anomaly
21.51793160967473,2.018841199296011,68.25912605482681,0.8356973216626815,1.4552470708791079,748.781770344319,anomaly
21.618015012510426,2.643352315028213,68.23671309216938,0.8388694063979715,1.4521836574028668,750.202990927959,anomaly
21.718098415346123,1.995904075841606,68.14758567123462,0.8519615632290352,1.4498278906042394,750.0338936493442,anomaly
21.81818181818182,1.664373026634121,68.19558463505774,0.8522894400855363,1.4573085230238685,750.5083892789617,anomaly
21.918265221017514,2.0211318540626277,68.20949549111465,0.8319432454365029,1.4524659447066388,754.5288353959367,anomaly
22.01834862385321,2.429552875060312,68.12176499218432,0.8400407858883554,1.4545927163495016,747.7614569177218,anomaly
22.118432026688907,1.956314620329,68.17345595267862,0.8438257099735721,1.4488362913586952,753.3566588484622,anomaly
22.218515429524604,1.4954685626314232,68.28418978935956,0.8754394944333984,1.4506109062343588,749.6171422306371,anomaly
22.3185988323603,2.165966957873994,68.1767059961667,0.8846331448628612,1.4364241384383551,748.8066141342169,anomaly
22.418682235196,2.567211631255593,68.15444620946715,0.8712682277597859,1.4522493601604072,749.8694555421177,anomaly
22.518765638031695,2.131133089768325,68.21516683819722,0.8837674934100471,1.4583990582790713,750.3018459601132,anomaly
22.61884904086739,1.2987485333677857,68.17465137527498,0.8628593527836881,1.4411300986202065,745.4357218457476,anomaly
22.718932443703086,2.107321951908833,68.31180178243855,0.87718462375696,1.46316041127959,749.9549519772103,anomaly
22.819015846538782,2.293213097119365,68.20643058479614,0.8678490672097358,1.4432043998491422,749.2929880821898,anomaly
22.91909924937448,1.8373264229291526,68.19814533520136,0.8476245010082989,1.429621019504533,750.7443214925812,anomaly
23.019182652210176,1.5781239790499877,68.19161511421177,0.8454675994664522,1.4454354910843301,750.2884853012185,anomaly
23.119266055045873,1.9585074110133687,68.14540768642358,0.8477709654409147,1.4335908903496695,750.5074786346051,anomaly
23.21934945788157,2.5508373829111064,68.23416046197102,0.8275584093291163,1.4467707463031525,750.0058385180748,anomaly
23.319432860717264,1.865742828679374,68.18091654473264,0.8425836460240848,1.4346629767464432,751.335933105363,anomaly
23.41951626355296,1.6915521762015147,68.18120370217608,0.8274677112216973,1.4564798844093765,751.1678109880311,anomaly
23.519599666388658,1.875901676659574,68.03801037997646,0.8276944449156511,1.4481129688521897,751.7254367338477,anomaly
23.619683069224354,2.480588923697975,68.21657524434599,0.8047817355922747,1.4468510667856918,752.2160502042025,anomaly
23.71976647206005,2.0670569880297642,68.26512765023568,0.8589052372981477,1.4338705351692798,751.2483218695037,anomaly
23.81984987489575,1.4367151504284694,68.22320566262556,0.8342961765806652,1.4583849416766115,750.2646941868301,anomaly
23.919933277731445,1.9319186342099202,68.15760722228302,0.8546346894472366,1.4476503568643802,748.594534732453,anomaly
24.02001668056714,2.447015950554214,68.22731268975,0.8316586559000098,1.456324166329386,750.5382828415719,anomaly
24.120100083402836,1.9848509257366576,68.17528273884628,0.8486479144908708,1.4486565786795396,751.30120137636,anomaly
24.220183486238533,1.5063898103338085,68.08095171903284,0.8294658525591802,1.4507125865708768,748.8046060015032,anomaly
24.32026688907423,2.1116590856896456,68.16136277927463,0.8814023255674459,1.4485457790352803,751.2191729204474,anomaly
24.420350291909926,2.364736283087056,68.09944508263857,0.8748229184842472,1.4525862534494798,748.1801713492367,anomaly
24.520433694745623,2.1438708519587575,68.27260939340952,0.8472732562787495,1.4427962681564654,752.6401483557929,anomaly
24.620517097581317,1.4969520592057453,68.29446012629177,0.8632325943655297,1.4488386040538404,749.3735658999874,anomaly
24.720600500417014,2.175208266164334,68.13667231679459,0.8451807317478706,1.4508833167316202,750.7385065048032,anomaly
24.82068390325271,2.421336296252243,68.2290842200703,0.8478619841945155,1.4325172187530173,755.071159282029,anomaly
24.920767306088408,1.9660092652932712,68.14740104435164,0.8588649917119192,1.447927182538085,749.7134869636075,anomaly
25.020850708924105,1.4673193481554554,68.16159157327105,0.8550982636430541,1.4681574862981868,749.3710485163324,anomaly
25.1209341117598,1.8840814813239568,68.21543398823177,0.8470382550021315,1.452639684795934,747.8200603092868,anomaly
25.2210175145955,2.61117580382757,68.10836071915146,0.8394877057791984,1.436589372668714,747.2246654737165,anomaly
25.321100917431192,2.047937838745527,68.20518967251807,0.8295604758887956,1.4673670927376117,750.1478898284593,anomaly
25.42118432026689,1.470181748349482,68.21517071849237,0.8375762735895754,1.455646685775523,750.9340408923449,anomaly
25.521267723102586,2.0555616146555598,68.19511469945381,0.8188792894627125,1.4546854565479481,749.8076345345397,anomaly
25.621351125938283,2.488302924625799,68.17217216178295,0.8319363306199248,1.4427780397946068,749.589927645121,anomaly
25.72143452877398,1.7319148504228978,68.2218352963671,0.8370373774507694,1.466319414845581,750.0704212251691,anomaly
25.821517931609677,1.3957566571696267,68.10193322364437,0.8702347314970318,1.4612426287418703,749.7331098363919,anomaly
25.921601334445374,2.142409325961642,68.16424766799906,0.8489707942622092,1.4283140804960166,749.7918273630577,anomaly
26.021684737281067,2.4393875092875277,68.20504139829303,0.8447162880011266,1.4541979696053058,749.1907281408751,anomaly
26.121768140116764,1.858775935791853,68.24249926371958,0.8560309135621056,1.4627200904263935,748.3893747571638,anomaly
26.22185154295246,1.429250210441626,68.13384282644242,0.871975856910494,1.4403799021708603,750.4515554771557,anomaly
26.321934945788158,1.9588028495899823,68.18621645102608,0.8621788598660298,1.4472118063810229,748.9146777158735,anomaly
26.422018348623855,2.4100004195221194,68.13228791238514,0.8559493909207919,1.4504252408851812,749.4833342732699,anomaly
26.52210175145955,1.7796055590871327,68.24512654040774,0.8864903791682188,1.4338503066829762,749.5808763728005,anomaly
26.62218515429525,1.547414250879053,68.12389875692999,0.8670551334612707,1.443898903067666,749.142163271957,anomaly
26.722268557130942,2.0134433863606307,68.15561864707328,0.8689246422139439,1.4377094495038096,749.616297701458,anomaly
26.82235195996664,2.49274287303724,68.18297331132877,0.8694631294836094,1.4669032421558745,748.7244157669941,anomaly
26.922435362802336,2.0086233744414868,68.27659980408363,0.848116525011073,1.4672094276938188,747.836187588693,anomaly
27.022518765638033,1.580776158175345,68.15787645798657,0.8587884789742588,1.4524373284936962,750.491203663125,anomaly
27.12260216847373,2.0372936496996252,68.24016701261252,0.8519583881662947,1.4477255626657781,751.9031787209119,anomaly
27.222685571309427,2.5256077957836407,68.19192148831307,0.8389970303844189,1.4706175632593703,749.2880218394996,anomaly
27.32276897414512,1.9425692471052296,68.21560861917187,0.8399567481750783,1.4444258133814178,746.6138122966541,anomaly
27.422852376980817,1.4900605231243866,68.25354921938224,0.83023582427995,1.4547630806243443,751.8425252075704,anomaly
27.522935779816514,2.0828833249109953,68.10090320163708,0.8258619296554071,1.4468790504058944,751.8046817634322,anomaly
27.62301918265221,2.3146530633891778,68.22709875914597,0.8381947707325855,1.455979049918241,750.2119241888969,anomaly
27.723102585487908,1.9818816302163291,68.19827310151042,0.8361026980439366,1.4497106265083488,748.139840942069,anomaly
27.823185988323605,1.596739233066655,68.26505780456431,0.8459170592187965,1.4346657757730314,751.0572933253867,anomaly
27.9232693911593,2.1272688288021833,68.166355144441,0.841956401496648,1.432443096412773,748.729199471247,anomaly
28.023352793994995,2.42865638733071,68.19809306687813,0.8429126272809068,1.4586184339969963,749.9940574525754,anomaly
28.123436196830692,2.1434876860709937,68.2601348693697,0.8656285014066967,1.4437685219675371,747.744133142884,anomaly
28.22351959966639,1.6319433200087983,68.17162811688227,0.8758306696076394,1.455761026191371,747.2580324201361,anomaly
28.323603002502086,2.0190924106148778,68.1096259807485,0.8767361156851025,1.4529598123857501,749.6247968012482,anomaly
28.423686405337783,2.7071382098123467,68.29007014949076,0.8528558002505259,1.4542253895730988,750.1986022132638,anomaly
28.52376980817348,1.6739727382565213,68.27742574658605,0.8609474534659859,1.4683377427819815,751.4074529983535,anomaly
28.623853211009177,1.3784226758447242,68.13045096072777,0.8716181034015539,1.4546781034769312,749.546874375153,anomaly
28.72393661384487,2.031744855042411,68.25516729185495,0.8540959266687509,1.4531343301421595,749.897754931389,anomaly
28.824020016680567,2.58409836723153,68.20912059165663,0.8630639948696042,1.4581880977544912,752.5963002469997,anomaly
28.924103419516264,1.880042379612803,68.20977612910079,0.8479652999685371,1.4492031545787634,750.2786706606312,anomaly
29.02418682235196,1.548990585107383,68.16014794065299,0.8579572265731124,1.450922247106943,747.6985777036838,anomaly
29.124270225187658,2.059394561151101,68.20932014763433,0.8433254626839309,1.4394260779738912,750.6918812305867,anomaly
29.224353628023355,2.3920367936016946,68.1499779963569,0.8272513524122601,1.430781323623132,750.6313298181947,anomaly
29.324437030859052,1.790058276167368,68.16372846133646,0.8281404693273426,1.4428564008197444,749.914234945481,anomaly
29.424520433694745,1.8320052861683758,68.18141562429038,0.841016032194357,1.4519881294890291,748.3021966899937,anomaly
29.524603836530442,2.0996960469030714,68.20999167495461,0.821079275860813,1.45460336886532,748.296602711424,anomaly
29.62468723936614,2.487999225895969,68.18642891660942,0.8262397329566078,1.4589237413246068,751.3177503477873,anomaly
29.724770642201836,1.803944098875319,68.20296548396395,0.8422879873239713,1.4360625858967502,749.831005195967,anomaly
29.824854045037533,1.613238069903771,68.09387265491728,0.8513605402610381,1.44809490162758,748.6954487726307,anomaly
29.92493744787323,2.336251948197709,68.20660784687375,0.8411468400280816,1.448374042360865,752.9300042991239,anomaly
30.025020850708923,2.4538843527815235,68.20516297280915,0.8588310996094405,1.4612041203424706,750.4920320425449,anomaly
30.12510425354462,1.9157194021349502,68.15885100749327,0.8540538292048951,1.4607875873106768,749.189772578368,anomaly
30.225187656380317,1.6232524570246334,68.21367244629921,0.8475032920614637,1.4499045387394645,751.0264647362384,anomaly
30.325271059216014,2.2513120036649723,68.20484099515299,0.8831950099498367,1.4419596656410063,749.1287305922722,anomaly
30.42535446205171,2.565164287311835,68.11945002783412,0.8726724794315577,1.434054624257222,753.3052900336968,anomaly
30.525437864887408,1.8600810955451572,68.20140876050995,0.8757090613716868,1.4374949086389452,751.1748913583666,anomaly
30.625521267723105,1.4880341359741764,68.11781036221146,0.8716815475839736,1.4535264285334901,751.1632520637677,anomaly
30.7256046705588,2.3493197407390056,68.18790898872199,0.8540571578673782,1.459295015793391,750.3142794584928,anomaly
30.825688073394495,2.471422401341695,68.125136576593,0.8719298175970441,1.445280555515066,749.3720395506848,anomaly
30.925771476230192,1.9812534659493068,68.27629630475427,0.8642467591685773,1.433202115176476,749.7448381913854,anomaly
31.02585487906589,1.5462096302523507,68.12298841309679,0.8592607409044785,1.4466766329693421,746.905672339793,anomaly
31.125938281901586,2.385707968749123,68.15140511578826,0.8418195282984395,1.4607969446909033,751.0956786259014,anomaly
31.226021684737283,2.3773742921047174,68.13886648856142,0.8473124690379027,1.44517888514846,748.7494461229624,anomaly
31.32610508757298,1.8763822949926283,68.1885840189802,0.8288170971050678,1.4472477113145321,749.7270344392745,anomaly
31.426188490408673,1.494576892508729,68.16717807038185,0.8244262226938933,1.430896244268399,748.6348403451224,anomaly
31.52627189324437,2.297154462216844,68.12287099042695,0.8215443227359085,1.4406917129143644,751.3395175744251,anomaly
31.626355296080067,2.2490780079089774,68.13331528016799,0.8186994834617538,1.4539697632769513,748.1116787075326,anomaly
31.726438698915764,1.6966129453498868,68.14777714959597,0.8427388933672435,1.4290460983207955,748.0845656241885,anomaly
31.82652210175146,1.5968462362084206,68.2243123328377,0.8439921110389215,1.4379506982980614,750.7884658684225,anomaly
31.926605504587158,2.385940446194218,68.25707298875777,0.8496291789086355,1.4468951987436225,748.9600214647331,anomaly
32.02668890742285,2.555684961288424,68.13985922351058,0.8475540918593454,1.462402347011648,749.0422841654334,anomaly
32.12677231025855,1.791665780456602,68.22372036779865,0.8479223146619507,1.4531436721994984,749.153617871658,anomaly
32.226855713094245,1.7776673288643177,68.07768429553094,0.8632752716501325,1.4580906916369047,750.5283924018125,anomaly
32.326939115929946,2.211522703818704,68.13272675378795,0.8610492821786963,1.476298795615911,750.4061876343994,anomaly
32.42702251876564,2.5752020382849152,68.18724086401494,0.8776852633352865,1.4675542747555645,749.6384861619363,anomaly
32.52710592160133,1.7868605948897505,68.18926053491363,0.8702941078742785,1.4452540507673342,748.9118778914803,anomaly
32.62718932443703,1.5942742121265463,68.16621677807795,0.8776752263935262,1.4360556859924078,748.2796738869283,anomaly
32.72727272727273,2.336667829294684,68.16337169139001,0.8708774871864049,1.4403219182152032,748.3063144179807,anomaly
32.82735613010843,2.4618650125311667,68.23478895050121,0.8485595526415098,1.4491322489372742,751.895060128882,anomaly
32.92743953294412,1.6759559136505466,68.10495938521943,0.8457135399215094,1.4565360472908437,745.3442845107425,anomaly
33.02752293577982,1.582081047481136,68.23404909696329,0.8605403260062385,1.46347208664327,749.9225792699226,anomaly
33.127606338615514,2.4159707356851206,68.1839191788749,0.8572774772479885,1.444602635441958,747.8720863118634,anomaly
33.22768974145121,2.330777824917502,68.2437788140099,0.8234979854983561,1.4708740493821377,750.2578327495659,anomaly
33.32777314428691,1.4584721057696388,68.18292136600023,0.822899101765201,1.4424074503659667,747.7584961788775,anomaly
33.4278565471226,1.5984539526969372,68.14374283103179,0.819384801227837,1.4517454233745752,748.4502757680423,anomaly
33.5279399499583,2.3416854171035024,68.20356205853487,0.8229375649157531,1.4547600633911346,749.7576157894794,anomaly
33.628023352793996,2.2863613665743037,68.1853924699334,0.8143558260233191,1.445912338058141,751.3695168807704,anomaly
33.72810675562969,1.6077583616159714,68.19966568993732,0.8208405819283877,1.4499589210092836,750.308754136112,anomaly
33.82819015846539,1.519942492264998,68.22453512018863,0.8639514300969685,1.43414533784017,749.14555848781,anomaly
33.92827356130108,2.238317322781112,68.21123500331649,0.8531463203365377,1.4377366700950593,749.6712306624481,anomaly
34.02835696413678,2.3323965641430973,68.23299421166433,0.844842184273664,1.4531866643920002,749.7298293735902,anomaly
34.12844036697248,1.6197281959637442,68.19721198178549,0.8514430429448733,1.4529179539198775,750.1967751389362,anomaly
34.22852376980818,1.6360287804979177,68.2351587392063,0.863490337574433,1.437389731423726,749.6466139995291,anomaly
34.32860717264387,2.1478884929985855,68.06167441459297,0.869662499998078,1.4413447210557582,749.9270305723879,anomaly
34.428690575479564,2.5399260872061,68.17936350075604,0.8739848254044625,1.4555438417318347,749.2256350156828,anomaly
34.528773978315265,1.6491286515108023,68.11591182246133,0.8647812113633321,1.4545528420311538,747.8160081427361,anomaly
34.62885738115096,1.6421497796910092,68.27855992747793,0.8696633394663146,1.4439633874388813,748.9960105946109,anomaly
34.72894078398666,2.2036479362110724,68.16461287138885,0.875292202489534,1.45467203223225,750.6316472167539,anomaly
34.82902418682235,2.3915308110151354,68.11648987152248,0.8725837079100502,1.4589424965351803,747.3009529824564,anomaly
34.92910758965805,1.892300652703214,68.13129149798098,0.8420577540255896,1.4585266908436891,753.065847557041,anomaly
35.029190992493746,1.8318564708142735,68.15243272963875,0.8546062085985823,1.4534485248184468,748.9269169727074,anomaly
35.12927439532944,2.33187492552018,68.116211034617,0.8387403133128172,1.4487080701314372,751.3532863389465,anomaly
35.22935779816514,2.4941361962669952,68.10866765496195,0.8202531331896356,1.4404825603607059,752.0216012227777,anomaly
35.32944120100083,1.6932628171146038,68.0517250518759,0.8300234337874065,1.4460165619846,750.2590529938287,anomaly
35.42952460383653,1.612390302280458,68.20962241342268,0.8296474560919449,1.4552122925991098,751.7101978918057,anomaly
35.52960800667223,2.4792929688319396,68.24780232118403,0.8255085122959364,1.4613003994277398,751.0067662362109,anomaly
35.62969140950793,2.308910094776261,68.11782463634292,0.8201954296516666,1.4501037990869918,751.7285207753864,anomaly
35.72977481234362,1.7009489902389456,68.20022485397806,0.8222661496748397,1.452362775500049,752.840154397243,anomaly
35.829858215179314,1.649050188959947,68.15122525119133,0.8310150797821756,1.4444324367813404,750.1536402354257,anomaly
35.929941618015015,2.470317030684343,68.16047528592213,0.8442429073656849,1.4485907827867617,750.2192189526628,anomaly
36.03002502085071,2.4192690484198827,68.20085483512882,0.8608514632047565,1.4395224470517787,750.706587385675,anomaly
36.13010842368641,1.7151870912410394,68.05300379564605,0.8575129582254049,1.451695925302231,751.0510622683291,anomaly
36.2301918265221,1.4105807494095814,68.1680490513485,0.8588905226841114,1.4471321254331535,747.9583831306869,anomaly
36.3302752293578,2.625083788304405,68.20331033343278,0.872214997334524,1.4514436830851072,751.3532799998918,anomaly
36.430358632193496,2.34380642721156,68.1000136845708,0.88114661165913,1.4344238086411807,749.4728779180526,anomaly
36.53044203502919,1.6670197812844156,68.05747074633882,0.8698254111175774,1.464264244050796,749.6519468680979,anomaly
36.63052543786489,1.5363066511062382,68.12762942264392,0.8720847977899558,1.4347050879622807,747.5693039955015,anomaly
36.73060884070058,2.5584313542157946,68.17075060459143,0.8789458243945522,1.4402993214528312,749.1507727097593,anomaly
36.830692243536284,2.310664490432501,68.16386653345583,0.8655037895803253,1.4450813392168738,747.8998890726999,anomaly
36.93077564637198,1.5220125184481983,68.1708520130937,0.8652950282624693,1.4633359519053302,752.8289767873107,anomaly
37.03085904920768,1.637902797664185,68.13826609526896,0.854225667925927,1.4419439958668308,749.5208076201982,anomaly
37.13094245204337,2.24905565235625,68.13083854872498,0.8442539790693913,1.4391834626307638,749.7148168595094,anomaly
37.231025854879064,2.277657694838413,68.19983812378732,0.8455326207827984,1.4464641560250586,750.7936044268529,anomaly
37.331109257714765,1.7480478423869,68.06654189613388,0.8268860814361099,1.4354244583968807,749.3840883583811,anomaly
37.43119266055046,1.6929094194132286,68.13817388942027,0.8418207829334615,1.4493297016779454,750.9688305992423,anomaly
37.53127606338616,2.396307980599622,68.09699977451207,0.8360115993679468,1.4608202035771791,749.2169507602682,anomaly
37.63135946622185,2.2495550500364243,68.08957536779441,0.8292605091150802,1.4670161158528299,750.7467864844677,anomaly
37.73144286905755,1.5264658573147538,68.07059443781374,0.8384120851098985,1.4477879319606064,749.8454693682133,anomaly
37.831526271893246,1.6747836854973197,68.0988906703157,0.8420787991657106,1.4508529349876753,749.9662850129959,anomaly
37.93160967472894,2.340299350468347,68.10615443277794,0.8452660465825265,1.450340602354097,750.6579346846662,anomaly
38.03169307756464,2.3616332408532372,68.20936782213266,0.843646184626038,1.4609054794618779,753.8713914368943,anomaly
38.13177648040033,1.4683485161336578,68.13825617353665,0.8611051712190382,1.4419246193740605,748.2922127393512,anomaly
38.231859883236034,1.784358659978128,68.14468665877196,0.8518134979421212,1.4387224903149785,751.6213578393256,anomaly
38.33194328607173,2.323571053385668,68.13979098625158,0.880291303441684,1.4398958415019858,749.7031441657714,anomaly
38.43202668890743,2.3054431794672685,68.23950516292985,0.8689179338206952,1.4289815665953567,747.9530830689881,anomaly
38.53211009174312,1.389754747738585,68.19874166774092,0.8866324538645256,1.4403289605665242,750.7820588927887,anomaly
38.632193494578814,1.6361261840662025,68.08731944694378,0.8661051702942582,1.4364187776710984,749.5270358452005,anomaly
38.732276897414515,2.4099444091476543,68.08931124856119,0.8512158797428053,1.4558737179511387,751.0423654760053,anomaly
38.83236030025021,2.060696150356287,68.1163265509842,0.8584336548283884,1.4392847337869024,750.3375923147787,anomaly
38.93244370308591,1.4628991744348767,68.1242147721552,0.8575122907171411,1.4340541796325121,748.9037075109942,anomaly
39.0325271059216,1.710776631125794,68.09334370798352,0.8606359654953173,1.465266330507592,750.6984187811977,anomaly
39.132610508757296,2.498282456500449,68.15143562888164,0.8313871677400989,1.446721173237212,748.1034834561814,anomaly
39.232693911592996,2.2923523161806987,68.07905655177221,0.840412316980296,1.4602927127322982,749.8435858197804,anomaly
39.33277731442869,1.5702328216357038,68.10471791568875,0.8280995228742314,1.4509440031278351,746.2660158745454,anomaly
39.43286071726439,1.525708977734831,68.119466624498,0.8265622700402054,1.4568190819097506,750.9849326237064,anomaly
39.53294412010008,2.361891838424893,68.12208421472526,0.8245536688448784,1.449143439816835,747.6366013701036,anomaly
39.633027522935784,2.0026921554282664,68.06381097489509,0.8262513364197746,1.4590811464747189,752.6550259982665,anomaly
39.73311092577148,1.6385037362087416,68.16531795734919,0.8357500713997408,1.4494906069393132,751.2667148038264,anomaly
39.83319432860717,1.7311442387020255,68.1947360371371,0.8527718561554976,1.457534707623971,749.097904707729,anomaly
39.93327773144287,2.425675721819686,68.1663950683349,0.8418542328744316,1.4477260592077699,750.3565960161463,anomaly
40.033361134278564,0.7676819234741965,68.0804707229514,0.8673055365045907,1.4406602561596829,752.448617050051,anomaly
40.133444537114265,2.8727492583136325,68.12106316657818,0.8549049531915234,1.4399291391968612,748.0466326478954,anomaly
40.23352793994996,0.43435519692258007,68.11000533378792,0.8666517812055184,1.458744084682564,742.6805994510794,anomaly
40.33361134278566,3.6668837610399816,68.2662801234725,0.8761850106933083,1.4486677735259474,748.1331805544073,anomaly
40.43369474562135,0.7773210644163018,68.27062228416314,0.8800070791458298,1.4342771385805284,739.6166672462822,anomaly
40.533778148457046,2.5910762015435393,68.26296993345666,0.8589607144310006,1.4439938946840027,747.6895000020542,anomaly
40.633861551292746,0.6052027014499488,68.23619094813914,0.8692939301755376,1.455071719424579,741.8624173361818,anomaly
40.73394495412844,3.7976032703696605,68.16649757717553,0.8540185997793684,1.4357695065851799,745.65761228423,anomaly
40.83402835696414,1.0303736323495531,68.24625047320056,0.8628470460574955,1.4383763088860362,749.0028026035139,anomaly
40.93411175979983,2.626636190438853,68.31116176993672,0.8596115569304157,1.4542710434742574,744.2096713294488,anomaly
41.034195162635534,0.6864761812340838,68.21502211947326,0.8349987519837535,1.44627867546372,752.3567518821477,anomaly
41.13427856547123,3.6765431377845887,68.28424490080356,0.835514456497891,1.4507408991193373,744.9589343111866,anomaly
41.23436196830692,0.9835053091543489,68.3431475962272,0.8265374611851395,1.4344743551689128,758.2764622196343,anomaly
41.33444537114262,2.7555170352212777,68.30517046539038,0.8311054470741461,1.4446507804283497,760.4936594560667,anomaly
41.434528773978315,0.7278773275133166,68.42059088008688,0.840663965888021,1.4559299848983747,749.3691688099595,anomaly
41.534612176814015,3.5870664474407676,68.33683725135651,0.8223712406316619,1.4621523100049978,757.273520174497,anomaly
41.63469557964971,1.0760058968795152,68.41855574744875,0.8434783093873007,1.4290676425077116,755.6124617655952,anomaly
41.73477898248541,2.8635660263092877,68.33651682403644,0.8398880492213434,1.451143278290897,745.5303388333181,anomaly
41.8348623853211,0.5724656559777062,68.37031380998417,0.8575104322291732,1.4558304210854365,737.504458174199,anomaly
41.934945788156796,3.6928925193244506,68.44068276321241,0.8554521367742605,1.463604394776305,742.1418608197866,anomaly
42.035029190992496,1.243460532903581,68.53437784280597,0.8634569792254259,1.455466609490122,743.4940104954252,anomaly
42.13511259382819,2.5509675560317695,68.48585396026061,0.8501785983021153,1.4505172785234515,754.6043663311531,anomaly
42.23519599666389,0.9035082539973192,68.58215245493356,0.8567245218837527,1.4386523936279787,751.527206430128,anomaly
42.33527939949958,3.509163016525669,68.50879211551195,0.882584740644272,1.4508407168001347,745.2300428951471,anomaly
42.435362802335284,1.3143312126859505,68.54501861035484,0.8749734203668947,1.4492059842878888,757.9677252789457,anomaly
42.53544620517098,2.3177271957504537,68.5998094837479,0.8733246700446642,1.453655314177726,749.4494272619208,anomaly
42.63552960800667,0.9923380863212486,68.58411243285005,0.8552554409409331,1.4379157986007995,747.9356027907445,anomaly
42.73561301084237,3.4577031210714986,68.58016092373205,0.871258731645536,1.4550327921993949,745.6865715160334,anomaly
42.835696413678065,1.3195081501038695,68.61500468106956,0.8520230449736338,1.457264877062947,751.3201832536603,anomaly
42.935779816513765,2.516019730964519,68.53242133154734,0.848704516614235,1.462503672274505,753.7712656265098,anomaly
43.03586321934946,1.2252726531985396,68.62918816724093,0.8285134671150873,1.4520464702036848,756.7494944278237,anomaly
43.13594662218516,3.456717308865308,68.62326263156888,0.8389273031300901,1.4569822839242776,743.4032061833183,anomaly
43.23603002502085,1.3909255768643851,68.69393133925038,0.8308470289834982,1.4397527249538196,744.4188756440268,anomaly
43.336113427856546,2.481754669564571,68.62191794082896,0.8329308596746348,1.4603854688423195,748.8864989369367,anomaly
43.436196830692246,1.019812881635703,68.68751511745951,0.8316550346317677,1.4579802949723593,752.1144978459246,anomaly
43.53628023352794,3.214976234609627,68.75755202130232,0.8234572783831821,1.429102702975865,747.5591620759483,anomaly
43.63636363636364,1.392690958577021,68.74846445701851,0.8252112657197618,1.447309701022586,748.0627798785902,anomaly
43.736447039199334,2.488880232753935,68.80669398611268,0.826130628201613,1.4540921594166607,745.0890806669335,anomaly
43.83653044203503,1.2870624596863143,68.77670153129087,0.8561203588863724,1.4551534709138234,745.1314583956764,anomaly
43.93661384487073,3.177372045250077,68.78760612286607,0.8475969518529406,1.470186853094799,755.1716036484273,anomaly
44.03669724770642,1.5103269108017896,68.81232459532869,0.85537168634161,1.463307291222031,747.2421847407597,anomaly
44.13678065054212,2.3293794894603495,68.82067166638123,0.8573870138557242,1.446469846155945,749.4206657936548,anomaly
44.236864053377815,1.2167621410350813,68.83061292816011,0.8672943790784293,1.4522334672468202,749.4144672595885,anomaly
44.336947456213515,3.2624985618256734,68.85856061755682,0.8712039041064367,1.452407650953056,756.6189744563263,anomaly
44.43703085904921,1.621884450880455,68.83423512895928,0.8646569204738561,1.4468472304675533,748.837414212238,anomaly
44.5371142618849,2.3281981130667906,68.96129152144037,0.8760794412274157,1.4498801357758593,752.430860998968,anomaly
44.6371976647206,1.3940022917050632,68.89584225367167,0.8625292945895059,1.457992819933555,750.9831877680826,anomaly
44.737281067556296,3.2044902876684787,68.91926162792318,0.8876895417780675,1.449446094311578,751.7556973136709,anomaly
44.837364470392,1.5917738936653039,68.93591634912065,0.856927897239793,1.4369204192004024,741.9117895781854,anomaly
44.93744787322769,2.380921148334767,69.00547686662378,0.8659947063468657,1.4582315294369492,743.6928687178357,anomaly
45.03753127606339,1.574659084073117,69.02934401783241,0.8354636957996058,1.461091369356354,745.9665187985585,anomaly
45.137614678899084,3.002894441862562,69.08101033064978,0.8506201684589754,1.4490074629621226,743.7441721122567,anomaly
45.23769808173478,1.5240785527099752,69.00589553301423,0.8271807003932465,1.4466369956821392,751.0426935107308,anomaly
45.33778148457048,2.211433354211644,69.00382114304644,0.8188598831805545,1.4427171121516325,751.943794052627,anomaly
45.43786488740617,1.5065109832459629,69.06256857952933,0.8122141869180501,1.4622939632036307,747.1844362447757,anomaly
45.53794829024187,3.137696258907992,69.08626431955854,0.8327308079005575,1.4571346502419968,752.2170019675818,anomaly
45.638031693077565,1.8672727480100413,69.14412290879348,0.8199349885711165,1.4653645763666898,742.1517703147343,anomaly
45.738115095913265,1.908436370210401,69.10059320675573,0.84198248293365,1.4491596656939407,760.0739207194084,anomaly
45.83819849874896,1.5416806075027196,69.14572443185838,0.8338132424027259,1.4525685051010582,752.2027967186028,anomaly
45.93828190158465,3.1537775988813728,69.17574619351848,0.8520061901108756,1.439563226771406,740.1973006158089,anomaly
46.03836530442035,1.7374507753793524,69.13385297153978,0.8484414280811383,1.465974339336653,747.7320997094199,anomaly
46.138448707256046,1.9883569683912472,69.20133044430047,0.8486912591068385,1.445446866806057,748.1491572872316,anomaly
46.23853211009175,1.7695812646091222,69.18049486149312,0.8499075364597262,1.4571480852114687,742.444288912922,anomaly
46.33861551292744,3.0558535958586255,69.13749389077432,0.8819536764188359,1.4605234116137151,747.6142001079295,anomaly
46.43869891576314,1.9819658168521452,69.21524814407714,0.8792629509923809,1.4547470552995005,752.4981547849064,anomaly
46.538782318598834,1.9975583157803536,69.31972229840237,0.8616036613932092,1.4383153153360455,747.394681189032,anomaly
46.63886572143453,1.8061732823885692,69.33022062882118,0.8710351460418332,1.4390201416855743,740.954147289154,anomaly
46.73894912427023,2.8906492723965043,69.22144222150682,0.8836116524548537,1.4525469329177871,752.2914552924566,anomaly
46.83903252710592,1.8411434753255518,69.32938216286345,0.8362565405450564,1.443157126330676,748.4006102926882,anomaly
46.93911592994162,1.7709433983089058,69.41572575377785,0.8513627928310885,1.4766958621314068,744.7784092062985,anomaly
47.039199332777315,1.9037523777698866,69.34601049537851,0.8382763384258063,1.4554704839750752,748.2941717213356,anomaly
47.139282735613016,2.957864181257779,69.39722937332158,0.8444930343210248,1.4511746832230332,754.924887117317,anomaly
47.23936613844871,2.0171291310041926,69.32939290725119,0.8540875867591432,1.4436264393557612,758.5941374406123,anomaly
47.3394495412844,1.6280733293971064,69.42301696106895,0.8421125427512526,1.437667481346165,747.9031356083815,anomaly
47.4395329441201,1.963436966556791,69.38425877488551,0.8397558620791014,1.4494629004157866,742.7525064053303,anomaly
47.539616346955796,2.858199561131938,69.47458745788356,0.8308138487387945,1.439925787772088,741.7194159435005,anomaly
47.6396997497915,2.1544736986407256,69.45722654474469,0.8210018901779208,1.4556769217485659,744.6830093641157,anomaly
47.73978315262719,1.7336931421515398,69.43987702549927,0.8347990154508265,1.4476627640285138,748.5239908503418,anomaly
47.83986655546289,2.1288038015417166,69.50330582873883,0.8376009251949947,1.4553533992542993,754.4725001907973,anomaly
47.939949958298584,2.526968973261199,69.44503641177937,0.8472623279002246,1.444586727753529,754.5208450738145,anomaly
48.04003336113428,2.2083666239109396,69.53567209808021,0.8535854427551515,1.4551374830772346,749.8154435187148,anomaly
48.14011676396998,1.655654404400759,69.51421773505764,0.8730429424641504,1.447323066915229,749.4109887984944,anomaly
48.24020016680567,2.2029354523994815,69.4478190475618,0.8533731662526427,1.4500960591632959,750.1318697114984,anomaly
48.34028356964137,2.6786701747679187,69.57441664712137,0.86977058814193,1.4498101264870114,735.2100931507612,anomaly
48.440366972477065,2.3173174357236372,69.60910858247397,0.8665560399832108,1.4502250891195707,742.8573271803672,anomaly
48.540450375312766,1.37794496368774,69.63001620192732,0.8607978843922323,1.434304628197251,744.1991240671202,anomaly
48.64053377814846,2.1880656383800896,69.66300704803433,0.8527004274394615,1.4778886092540342,739.3387002095513,anomaly
48.74061718098415,2.2237566587562223,69.63618469441185,0.8637552208617443,1.4410829450096159,748.506730672928,anomaly
48.84070058381985,2.361178613140713,69.60752116838302,0.8439428376409926,1.431216981528711,744.0847856650056,anomaly
48.940783986655546,1.528622825355668,69.76068553356006,0.8620623952808705,1.4567313918417102,747.4324108164473,anomaly
49.04086738949125,2.6227963383558053,69.74660449081064,0.8605060870018101,1.4460930162364212,746.8392021669822,anomaly
49.14095079232694,2.5279972172634033,69.72354079039972,0.846175706145249,1.446854046335691,747.9640380125703,anomaly
49.241034195162634,2.296007990970222,69.86131512606748,0.8360984625027085,1.466309067628653,749.6390504237869,anomaly
49.341117597998334,1.4448300141340555,69.81459742327887,0.850337975094155,1.4417734412796015,750.7119014008673,anomaly
49.44120100083403,2.6041726107309895,69.78227907230692,0.8227565946207337,1.4381891776105842,747.5840256986417,anomaly
49.54128440366973,2.374594788699551,69.72309521387186,0.8233573624129552,1.4471075148656178,754.5614272886122,anomaly
49.64136780650542,2.471792270557665,69.91090623475897,0.8367559282499066,1.4384978377809552,753.2462884440286,anomaly
49.74145120934112,1.4008743921552576,69.87145333612882,0.8414869200514139,1.4403538589967364,738.0860519124542,anomaly
49.841534612176815,2.642842319111584,69.863610817786,0.8411769404553289,1.4540032696849774,745.518218672939,anomaly
49.94161801501251,2.345800277377597,69.80539644646738,0.8379414480353531,1.435122402166613,739.4943040944468,anomaly
50.04170141784821,2.635921406440769,69.86267797652252,0.8520912729633164,1.4566567539096515,752.5540870759628,anomaly
50.1417848206839,1.351347368978403,69.88639117102045,0.8532499617672237,1.4366933039954346,750.5323152693769,anomaly
50.2418682235196,2.7454156104244545,69.90909752353232,0.8485777878601356,1.4497025156556034,742.7536475055697,anomaly
50.341951626355296,2.273390103929758,69.95185816346084,0.8693702765052795,1.46060800879241,756.634986277036,anomaly
50.442035029191,2.648212256670184,69.96318584778183,0.8754802337635766,1.4509327338606544,742.0867799746306,anomaly
50.54211843202669,1.1391639993009897,70.00267173593122,0.8819351850458439,1.4418117400698731,741.0624422060727,anomaly
50.642201834862384,2.746269596419079,70.02868993842603,0.8640535517264426,1.45539047268584,749.256510146407,anomaly
50.742285237698084,2.0721859593588903,69.96299239860758,0.8618251320224627,1.4304435586245945,743.7569939858619,anomaly
50.84236864053378,2.603534249133908,70.05361057834992,0.8635558806204355,1.4385134100116825,748.7088283875089,anomaly
50.94245204336948,1.1529527138875726,69.97034167280411,0.8570403001644578,1.461141229307178,748.9264543513872,anomaly
51.04253544620517,3.1071918562299077,70.00076228715949,0.8374379694654188,1.4519355454567362,748.845437927895,anomaly
51.14261884904087,2.1130947228146413,70.0393489227395,0.8449223161200328,1.4553824248590082,746.1485611295228,anomaly
51.242702251876565,2.7555200416738597,70.08210364190262,0.8157158974801426,1.4529427555202479,745.8991191214387,anomaly
51.34278565471226,1.2648424447855593,70.10385939981096,0.8326658934387988,1.4423944658096164,748.4251173901615,anomaly
51.44286905754796,3.136424756663325,70.243727384771,0.8293144900891231,1.4440383666138767,751.9694040746886,anomaly
51.54295246038365,2.115387035956668,70.17439839845466,0.825735464935232,1.4584311342323328,758.3911715786018,anomaly
51.64303586321935,2.846933369647446,70.16570605776857,0.8443568166785475,1.4370055252543013,747.4623312063713,anomaly
51.74311926605505,1.0669530288928941,70.1820049972356,0.8394742159406531,1.4404017061358787,740.9728863397721,anomaly
51.84320266889075,2.937982061357194,70.23214713046212,0.8523548502873969,1.458907207697485,749.6938572590336,anomaly
51.94328607172644,1.9317612373314792,70.18194002217395,0.848171155422141,1.4660036669094874,750.8434910188421,anomaly
52.043369474562134,2.8091327734678417,70.21519586199304,0.8486110755788007,1.431925755232136,749.5657263328343,anomaly
52.143452877397834,0.998512211392908,70.28076471343338,0.8583543210949691,1.4665032715965873,753.7235160155033,anomaly
52.24353628023353,3.188823381065645,70.38195683955246,0.8696379611852113,1.4558351381557766,733.3522104847549,anomaly
52.34361968306923,1.854758342953604,70.25691148104589,0.8650828045144905,1.4505662466062055,746.2234192684831,anomaly
52.44370308590492,3.0462882965754208,70.33818715732264,0.87090639422937,1.4476958933481643,741.0779441917819,anomaly
52.54378648874062,0.9758443674739811,70.39312552181029,0.8749136586841068,1.4603994852625894,744.3003416824341,anomaly
52.643869891576315,3.3523154736188845,70.32637893000735,0.8584895673030315,1.457686227432958,744.5353228676172,anomaly
52.74395329441201,1.817762591874708,70.25595671075848,0.872163681202916,1.4430976451683275,743.0773817994303,anomaly
52.84403669724771,2.942683888712706,70.32315568086233,0.8377032332868265,1.446794887098424,745.5648410292814,anomaly
52.9441201000834,0.9463048451395863,70.35323331149725,0.8569302527203937,1.4471686240446937,739.3376522532685,anomaly
53.0442035029191,3.428239593806554,70.43401008230302,0.8380801412215653,1.4277432867244115,746.1462706981013,anomaly
53.1442869057548,1.8283877526394092,70.47601648150037,0.8288806838343921,1.4559933216244565,742.590988480976,anomaly
53.2443703085905,2.8977313925286996,70.45742198049766,0.8278686312399721,1.4583792408884242,749.0907452467911,anomaly
53.34445371142619,0.8231393142048833,70.51490187558257,0.8265417236687037,1.447130773557375,754.5056737577952,anomaly
53.444537114261884,3.54642909302137,70.54448825536079,0.838905624383845,1.4571808011378375,751.0530307060707,anomaly
53.544620517097584,1.8484741969112861,70.4846753230956,0.8327059348659352,1.45328313828714,745.6665763942693,anomaly
53.64470391993328,3.148466340998204,70.49997013658937,0.8464582544179396,1.4321722744480934,740.2992882300537,anomaly
53.74478732276898,1.0400158991743425,70.53021482453833,0.841911545093654,1.444811289122052,745.3368913174202,anomaly
53.84487072560467,3.5644612787866707,70.47168050533602,0.8388541830734508,1.4659577927938112,744.2111777737632,anomaly
53.944954128440365,1.6721445600591665,70.6060267429293,0.8431661744002672,1.4526144702837036,752.0607798889132,anomaly
54.045037531276066,3.358895513297565,70.57681622621452,0.8523386557286786,1.4554021839326092,750.8349821468582,anomaly
54.14512093411176,0.713563233511378,70.60027522529197,0.8649575584444654,1.4473948383769442,755.4149189707254,anomaly
54.24520433694746,3.5520721240118496,70.68146840852837,0.8737310633297378,1.4642431727263439,741.574227721984,anomaly
54.34528773978315,1.8257212113153698,70.54582462333265,0.8537547965658089,1.4582263390574937,743.8862748618511,anomaly
54.44537114261885,3.216772533557203,70.62837267045767,0.8709904985955744,1.4527443683270553,742.788646118005,anomaly
54.54545454545455,0.9441259750633622,70.6308769040405,0.8460235773747707,1.4600886008673222,739.9182519055806,anomaly
54.64553794829024,3.876569173094682,70.62012163195033,0.8696982305624508,1.4409443418724424,741.7709372970376,anomaly
54.74562135112594,1.6717034519347813,70.57102493949611,0.857249685487698,1.4584856867440381,743.3451972306573,anomaly
54.845704753961634,3.3357192889572858,70.71034855323687,0.8500079127671436,1.4461037134204042,749.2395608510413,anomaly
54.945788156797335,0.7313746318527194,70.76893593184673,0.8418426288247155,1.4662686380280041,750.5703718116505,anomaly
55.04587155963303,3.677119487817655,70.76327262549351,0.8486752473698737,1.432047416900557,744.4104379696495,anomaly
55.14595496246873,1.7819783712568593,70.84254192779183,0.8394575205039159,1.4266073300682836,751.4677470574389,anomaly
55.24603836530442,3.407665032353124,70.77678529367158,0.847431143689345,1.4554851483068298,746.0853642089415,anomaly
55.346121768140115,0.6377252397045103,70.8897595470961,0.8334739425915354,1.4577687676603255,741.5838389716154,anomaly
55.446205170975816,3.920431402288289,70.87004633801837,0.8300072333303931,1.461627124674839,738.8562133630927,anomaly
55.54628857381151,1.5952729404385795,70.75663207628028,0.8249436743904893,1.459343257303749,737.6345150662638,anomaly
55.64637197664721,3.345351872533723,70.94668237644,0.82182291003501,1.4557431027794556,743.5277843354456,anomaly
55.7464553794829,0.5628331582506383,70.8992647843998,0.8418784542937098,1.4571454936154302,745.4073937962986,anomaly
55.8465387823186,3.9845019855982384,70.91028881661667,0.8431871158645251,1.466471296360599,748.6124011294238,anomaly
55.9466221851543,1.6313096059850163,70.86126947370732,0.8524052157400206,1.4586063171339854,745.90924558941,anomaly
56.04670558798999,3.321427649241608,70.9123880673447,0.8619513933583465,1.4438428294525134,745.5929002102399,anomaly
56.14678899082569,0.6237066601564265,70.90734152581737,0.8522568899364251,1.4525319965546173,748.8359111313381,anomaly
56.246872393661384,4.020823039129603,71.00743252419674,0.8677775251962596,1.4557975493105395,753.0102558928849,anomaly
56.346955796497085,1.5208657325643906,70.90356674816293,0.8660326780964407,1.4536418995038456,757.0086123400661,anomaly
56.44703919933278,3.6082948617364825,71.02263483127082,0.8665205952521874,1.4528291173862593,745.7292854884485,anomaly
56.54712260216848,0.4956683631336438,70.9614574187478,0.8745467357303043,1.4453703190133023,743.1567295160413,anomaly
56.64720600500417,4.05845891592927,71.03840608414315,0.8701862212790821,1.45686963135931,742.4674541557767,anomaly
56.747289407839865,1.3340333117142156,71.07570168832022,0.8601986105194256,1.459899118824367,748.0449354927717,anomaly
56.847372810675566,3.3896204041320406,71.10803921891696,0.8538836847216198,1.446927993752797,752.5189756052858,anomaly
56.94745621351126,0.5986761936608151,71.0893091822145,0.858561813957304,1.443847624096794,740.0413176495208,anomaly
57.04753961634696,4.0949318063300595,71.07317182764541,0.8370818250701784,1.4473535283775847,749.2771535600039,anomaly
57.14762301918265,1.4120779070760057,71.22958151782595,0.8243027169378095,1.4375214795864795,748.9719491284109,anomaly
57.247706422018354,3.492742274525877,71.2334620951856,0.8437291295003853,1.474576291390048,754.4127480856075,anomaly
57.34778982485405,0.5812985718171244,71.20481226170901,0.8119159436914528,1.4339789888984324,744.9067315649484,anomaly
57.44787322768974,4.157964711623896,71.19874395865187,0.8277763256393087,1.441997478393062,732.680928176411,anomaly
57.54795663052544,1.5482494942621425,71.23824317397657,0.8310475644127457,1.4649088665465382,741.0099155082484,anomaly
57.648040033361134,3.6257364750118573,71.13732376968996,0.8486224928131889,1.4449813791633614,749.3927532843368,anomaly
57.748123436196835,0.5097666749607015,71.24021362272973,0.8412014667273444,1.4249749433947494,743.0694127711597,anomaly
57.84820683903253,4.337493725438523,71.26936516841792,0.8215784554429881,1.4336047402874157,740.2647363661656,anomaly
57.94829024186823,1.4004062661426115,71.30173988667221,0.8444494596437754,1.4560058918952608,733.7184435720175,anomaly
58.04837364470392,3.361119428573679,71.33436943535327,0.8479419912437506,1.4520072622332443,747.2536336558859,anomaly
58.148457047539615,0.4402390440888748,71.23159071073073,0.8596695679525859,1.4602103342850976,743.781596047673,anomaly
58.248540450375316,4.11664248624955,71.34802900069104,0.8577584855593365,1.4497839670932313,743.9727226281445,anomaly
58.34862385321101,1.4865741840640385,71.30399353435256,0.8692156595958616,1.4322060597500241,739.690085105409,anomaly
58.44870725604671,3.4137160081339153,71.33733251679219,0.8573457384918794,1.4427819251822616,744.014031373274,anomaly
58.5487906588824,0.7122901768466652,71.35260190484739,0.8884014638776968,1.4584109968928856,743.5510215002673,anomaly
58.648874061718104,4.259855016574553,71.39497206658132,0.8649171585594814,1.4551502308374522,737.5247700280204,anomaly
58.7489574645538,1.2584999504646068,71.36359284621813,0.8637309839072598,1.4469245260763302,742.6468854632311,anomaly
58.84904086738949,3.6361018642648153,71.43540765387976,0.8711626164889394,1.4567778362025905,737.6835918553843,anomaly
58.94912427022519,0.733281719798528,71.51923942915614,0.8553183372774772,1.4235538121852744,733.8657126019831,anomaly
59.049207673060884,4.276057079364309,71.39934334008508,0.8385338306017451,1.450953118199576,746.9330286060757,anomaly
59.149291075896585,1.3782355542515594,71.55646982486454,0.837478074946992,1.455292742917265,745.4918942680649,anomaly
59.24937447873228,3.582833958477029,71.56379969344681,0.8321153091169411,1.440533576664354,746.1507717727154,anomaly
59.34945788156797,0.9311161713479708,71.49503464734862,0.8493401509583056,1.4415916177150285,754.9620297769836,anomaly
59.44954128440367,4.313525377223464,71.57616701446206,0.8250326535217729,1.452213225479646,753.5258946289881,anomaly
59.549624687239366,1.462035882576675,71.56325264040623,0.8169032760240554,1.4526207069273467,752.4812949482712,anomaly
59.649708090075066,3.438857119380181,71.52618971069131,0.8366050665998691,1.4729076011347628,745.0335162313911,anomaly
59.74979149291076,0.66053332164913,71.62902097097859,0.8354120074683922,1.4534910363029518,751.6426008928249,anomaly
59.84987489574646,4.292974510430702,71.60869878740905,0.8509334635525877,1.4490268461539284,737.9815804802032,anomaly
59.94995829858215,1.3502983733307314,71.51524094542339,0.8561553618690515,1.4510707690089326,748.9919936931569,anomaly
60.05004170141785,3.7506244954571044,71.67423348776724,0.861710011029829,1.4451580395792103,740.3392740185042,anomaly
60.15012510425355,0.6781623379181105,71.55727405687834,0.8674285653137892,1.4516764829319113,745.4026634638893,anomaly
60.25020850708924,4.340515527367031,71.63704067659292,0.8406248535324942,1.4418933996305054,753.8751243549077,anomaly
60.35029190992494,1.4515164460956105,71.70624392443986,0.8706314708958214,1.4450641149602885,747.2895788296318,anomaly
60.450375312760634,3.9094032485855164,71.76901970529767,0.8832353179390955,1.4545742328053926,742.9112143450025,anomaly
60.550458715596335,0.6219695934217213,71.67535723754024,0.8970231191684235,1.4651020058820132,742.6123126072126,anomaly
60.65054211843203,4.357408911753552,71.69919003785424,0.883193157787807,1.4454873635341838,738.269654361584,anomaly
60.75062552126772,1.453540465052993,71.80757428906021,0.8473384293933808,1.4341489867710655,742.3345305243041,anomaly
60.85070892410342,3.705942793968837,71.73849591983014,0.84317236605767,1.4567083906003337,743.3192209595398,anomaly
60.950792326939116,0.8288932834194296,71.8372859751198,0.8473234588965083,1.4466832258635949,746.0075121687767,anomaly
61.050875729774816,4.517240411748524,71.94170991490148,0.8304900790875701,1.4509506400155199,746.9285800982244,anomaly
61.15095913261051,1.4796053066171653,71.75948142817808,0.8326390558761144,1.4227179720827865,736.1975493755983,anomaly
61.25104253544621,3.6549683236706203,71.78143531670786,0.833346814935049,1.4385120603129555,742.3006454236636,anomaly
61.3511259382819,0.6306986342970098,71.9411972981892,0.8195729225029869,1.442394308248749,743.8735405354178,anomaly
61.4512093411176,4.412386325917641,71.84736034713336,0.8374225090749361,1.4611106557643057,739.9441368160109,anomaly
61.5512927439533,1.3136097502590351,71.86281761758941,0.8400634813894612,1.432728058553123,742.137886526998,anomaly
61.65137614678899,3.6312059786200055,71.84297034039047,0.8254304813237595,1.4604952332203442,734.1192135369464,anomaly
61.75145954962469,0.8798949608645077,71.9248173978261,0.8366020186661045,1.436926410842191,748.0494591712479,anomaly
61.851542952460385,4.430449187927112,71.91747824930393,0.8423361582530697,1.44653525598928,746.3692455602121,anomaly
61.951626355296085,1.5857815396889408,71.98140003759084,0.8362779335594076,1.45437982215885,745.8268407654117,anomaly
62.05170975813178,3.676649372120094,72.02441807997916,0.8527488264963529,1.4479361557206158,737.1918747981083,anomaly
62.15179316096747,0.7688889229355409,72.03340107997539,0.8707324733657192,1.4569972431875688,755.6362600978209,anomaly
62.25187656380317,4.476078312674263,72.08070239125999,0.8803651253121488,1.4509948972828073,751.0346759321255,anomaly
62.351959966638866,1.4025407662430194,72.06039189988603,0.8807730788408314,1.445328496820726,740.419968009954,anomaly
62.452043369474566,3.374925372408255,72.06130296351135,0.8738257784074287,1.4512498350947531,750.4898834277487,anomaly
62.55212677231026,0.8708857835862505,72.04339572881442,0.8620229545475026,1.4401465192606713,738.6920024326553,anomaly
62.65221017514596,4.482404736580955,72.20370761805265,0.8801820599631232,1.4594201898233001,754.1786003318938,anomaly
62.75229357798165,1.4042514495484344,71.98353966016239,0.8715022848563114,1.4484384943921116,739.6729305934797,anomaly
62.85237698081735,3.6031794540970856,72.08086033584978,0.8321751669893946,1.4452881528666044,744.4392246231071,anomaly
62.95246038365305,0.9819360656826874,72.05723552452464,0.8582928185951683,1.442443964153479,741.6195754649867,anomaly
63.05254378648874,4.490209864996511,72.22845200661436,0.8586774895460914,1.4473695392800825,749.9736129345617,anomaly
63.15262718932444,1.5430909430979594,72.23938532077608,0.835788242173808,1.449688092316887,744.3592502064412,anomaly
63.252710592160135,3.67964969489208,72.27389419158152,0.8382253401870128,1.439039681154998,753.1154594669824,anomaly
63.352793994995835,0.9304705690005177,72.22897949976837,0.8309996425681648,1.4532177547647342,734.84459027468,anomaly
63.45287739783153,4.346502862605131,72.21543858224763,0.8361559845853926,1.4201436362194149,739.4705210973855,anomaly
63.55296080066722,1.5400097517562898,72.29001974735756,0.8180884457175974,1.45121686754136,738.7722650592957,anomaly
63.65304420350292,3.5449315015813667,72.3280796703643,0.8291725039332749,1.455855534734722,745.598872774253,anomaly
63.753127606338616,1.1304899728440603,72.2547635397482,0.8376964196178518,1.4418806854516306,738.1152461848263,anomaly
63.853211009174316,4.523887594068153,72.33436760555651,0.8487517447529455,1.4584303407745483,739.0212747180185,anomaly
63.95329441201001,1.4820472914387324,72.38549157212717,0.8622638958186318,1.4369504183988977,744.8343897964322,anomaly
64.0533778148457,3.6251650288491857,72.41957963142796,0.8667945315692143,1.4412403499339246,741.2994444991025,anomaly
64.1534612176814,0.9709827545134351,72.3477444096203,0.8733923061780033,1.4360362089329377,746.2274228600221,anomaly
64.2535446205171,4.501964153372271,72.34929978713556,0.8626868661945867,1.448753400353216,740.0926982167978,anomaly
64.3536280233528,1.4497727910622293,72.44772871906957,0.8586527403584723,1.4586670267395316,743.3392530442524,anomaly
64.45371142618849,3.288647206723036,72.44698894186632,0.8918600935319371,1.4380992119051954,749.3010227256077,anomaly
64.55379482902418,1.2696844307602002,72.36009558284518,0.8692742144867868,1.4506891893014158,744.6257653842937,anomaly
64.65387823185989,4.327467467880644,72.37635918679015,0.8634462163619868,1.4571376664324143,737.7296466160536,anomaly
64.75396163469559,1.701878822494567,72.50320649807165,0.8529819242099255,1.471580379268019,740.748641150841,anomaly
64.85404503753128,3.318559507645258,72.49655948182057,0.8474046370732303,1.4548297537275103,740.1133589501151,anomaly
64.95412844036697,1.2348776770841972,72.49850959976554,0.8475546465289449,1.4614567774422915,733.6385306073793,anomaly
65.05421184320267,4.363909225078711,72.54755771763477,0.8407337047358598,1.452396880247577,739.1240674413007,anomaly
65.15429524603837,1.6669451637663506,72.57658632381376,0.8349777139528374,1.4468947431500037,742.5725449529122,anomaly
65.25437864887407,3.344912575236533,72.57370547596211,0.8259743794234101,1.4441377463023515,738.9388521423098,anomaly
65.35446205170976,1.457623275775365,72.65065721466962,0.8419156423965457,1.4468730785420612,740.9684240200608,anomaly
65.45454545454545,4.3093721838696055,72.61218483315011,0.8339290201656794,1.4312710783661209,740.3987632879056,anomaly
65.55462885738115,1.7890580611709443,72.61059874974904,0.8223540206908646,1.4452372948483638,751.5689560384524,anomaly
65.65471226021685,3.359807303970161,72.57340324183872,0.8117060229180081,1.4520898340950994,739.0640868009526,anomaly
65.75479566305255,1.4811156929157452,72.70427742781861,0.8451481008573004,1.4405805048729587,740.7047956423412,anomaly
65.85487906588824,4.507015232343204,72.69090188935098,0.8295443117491607,1.4550848720862615,744.8489436913919,anomaly
65.95496246872393,1.6641597547258145,72.67043800813619,0.8547239741219248,1.4257386500656353,741.0467417315191,anomaly
66.05504587155964,3.393100561447472,72.72039154140607,0.8534411476213002,1.4507646225078943,746.745844023628,anomaly
66.15512927439534,1.5129094771313731,72.62799178850851,0.8534235114463407,1.4477309038614994,736.7473007419146,anomaly
66.25521267723103,4.31733156516045,72.73247250519886,0.8779635675296474,1.4647368620859933,741.1561072958036,anomaly
66.35529608006672,1.8850310245563782,72.87620989163204,0.8683366567572929,1.450909460120081,741.3921580385215,anomaly
66.45537948290242,3.18428469007526,72.66339080360366,0.8810053972442253,1.4669364354702736,742.7960875600246,anomaly
66.55546288573812,1.631086542660712,72.72766287775009,0.8728941990153489,1.446361005759915,737.471697177381,anomaly
66.65554628857382,4.218385705549465,72.82506833839842,0.8714682563710324,1.45082790116751,745.564830221342,anomaly
66.75562969140951,1.9111719968856355,72.91597388630389,0.8687808072521408,1.4480417878855694,739.3738638482071,anomaly
66.8557130942452,3.053823841039102,72.81817746394994,0.8672449362176152,1.441086195069462,742.4081284877769,anomaly
66.9557964970809,1.4752238696922708,72.8724093956731,0.8486789541849387,1.4491594825582583,739.0411885856291,anomaly
67.0558798999166,4.199649238814048,72.89173180250361,0.8435674689298669,1.448498478083346,746.8131336264322,anomaly
67.1559633027523,2.0888804484222474,73.00927896525423,0.8339156799835326,1.4582160218368614,734.7353884118518,anomaly
67.25604670558799,3.1713259336692405,72.86078382160277,0.8322264667441671,1.448967359423457,748.4631152296731,anomaly
67.35613010842368,1.7578687884273667,72.92952673068004,0.8330669642172768,1.4592726664445854,747.9732027223886,anomaly
67.45621351125938,4.138691316511339,73.03299966382825,0.8391837432161603,1.434689400767812,738.5392327312525,anomaly
67.55629691409509,2.1389219331111393,73.08176047591765,0.844458090069395,1.4343055672470364,736.6384363511925,anomaly
67.65638031693078,3.207912915869237,73.02406713030354,0.8520341436797316,1.446407618541815,746.4061890430637,anomaly
67.75646371976647,1.8996265437646844,73.0595095861977,0.8446126569919753,1.446294157837896,734.733463882116,anomaly
67.85654712260217,4.041802377610085,73.03073877990941,0.8375040083581701,1.4520430940909124,738.1374812270147,anomaly
67.95663052543787,2.167571907871049,73.05977237617715,0.8555421571518089,1.4437596865504885,745.954472061988,anomaly
68.05671392827357,3.0999727398192043,73.09095092526265,0.8348549516168055,1.436199593492003,736.354830099581,anomaly
68.15679733110926,1.8891257576714446,73.09988532677858,0.8505181664176952,1.450711097785367,739.1397890236143,anomaly
68.25688073394495,4.071262519277017,73.06610085538986,0.8625216142308367,1.4610056897305395,741.3788240551419,anomaly
68.35696413678065,2.250705171671507,73.13035009447593,0.8755728063447611,1.447010599893829,752.1825316275462,anomaly
68.45704753961635,3.148621858277796,73.14473104881253,0.855436632783555,1.452909162378782,743.0681103346434,anomaly
68.55713094245205,2.091910161246309,73.15550050177981,0.8646939439082959,1.447761542184929,739.1329899640147,anomaly
68.65721434528774,3.9957974663322373,73.18338106822853,0.8628893700845935,1.4482295830537837,735.3496236016582,anomaly
68.75729774812343,2.105264714650509,73.34975279901857,0.8705344868578476,1.4478446671657053,749.9153199339032,anomaly
68.85738115095913,2.857431491339524,73.22164677433382,0.8660778989106447,1.4600401161628065,740.3619412709928,anomaly
68.95746455379484,2.06228375420499,73.31790722183764,0.8550685890572577,1.4416395213716628,749.1545206887974,anomaly
69.05754795663053,3.8183031111327583,73.21274762125582,0.8409825796482467,1.4396834908281937,750.6005355914889,anomaly
69.15763135946622,2.2745536279630043,73.24603585381652,0.8391841902863372,1.4544722182929826,738.7750848382574,anomaly
69.25771476230192,2.803868935413569,73.34598864707041,0.8298021160344682,1.449186633009853,746.8662216627137,anomaly
69.35779816513762,2.387420993358959,73.30481374481302,0.8304145976208157,1.4582881375398569,742.5793748459739,anomaly
69.45788156797332,3.867134349911637,73.32448378063698,0.8132034672721343,1.4455687288221002,727.8136049265264,anomaly
69.55796497080901,2.4204554491225276,73.36014726503048,0.8264042778802222,1.4457445363775483,733.2417856356157,anomaly
69.6580483736447,2.7135143667360024,73.42184677058337,0.8548023156347566,1.453154662287226,742.5148123753908,anomaly
69.7581317764804,2.3128906755052605,73.36632828589839,0.840594075923027,1.4580103674221467,739.4053888813822,anomaly
69.8582151793161,3.7651669695466765,73.38639532678464,0.8515732230027998,1.452688374434959,741.4136442374455,anomaly
69.9582985821518,2.545637872721658,73.38178290184274,0.8226364138584404,1.4412456697966014,746.2383127179114,anomaly
70.05838198498749,2.746015341636904,73.51936711182795,0.8776723290914352,1.4463007686659917,736.3194596631178,anomaly
70.15846538782318,2.463049493170345,73.43528686576792,0.8603838331224497,1.4497350472840207,744.0507570653252,anomaly
70.25854879065888,3.8070776118978604,73.44657017623203,0.8457717085670889,1.4641317950572506,742.5648380406127,anomaly
70.35863219349459,2.716403869949282,73.45381106459332,0.8665642341226454,1.4498219332245528,741.976798144622,anomaly
70.45871559633028,2.7664485923191346,73.51629318765717,0.8565887003413992,1.4641251313541628,740.8127595501487,anomaly
70.55879899916597,2.534416443640416,73.55886556260637,0.8539574064161338,1.4514573820564511,742.5606083108283,anomaly
70.65888240200167,3.776736028631866,73.47562378589114,0.870562099036735,1.4346832661350046,751.7740572253875,anomaly
70.75896580483737,2.6733492983839913,73.57062162832668,0.8557288995722384,1.4478981603334928,736.7107090363415,anomaly
70.85904920767307,2.664836660023085,73.57665182906885,0.8595099069684046,1.4573728558528127,739.829087986734,anomaly
70.95913261050876,2.7037762720655047,73.6335881589553,0.8539130317428423,1.4531307661424626,741.0708635894732,anomaly
71.05921601334445,3.6961027606079324,73.67718419066131,0.8629243187703092,1.4644872484583278,751.7565849556596,anomaly
71.15929941618015,2.773849748816454,73.57080511319656,0.849619743707291,1.4545287957862911,733.2335726451039,anomaly
71.25938281901585,2.6410815946343718,73.66033017380269,0.8440661215163883,1.4517814938658649,735.8161394418707,anomaly
71.35946622185155,2.762212842258684,73.71589458088354,0.8461727699525617,1.4517402924459637,738.887488153698,anomaly
71.45954962468724,3.801224013540975,73.63027009803011,0.8270028666065202,1.4494304012815131,741.1851143528132,anomaly
71.55963302752293,2.801051298229297,73.66962495183672,0.821516152666377,1.4400383244199764,733.4091222495066,anomaly
71.65971643035863,2.6451918851587983,73.7249109149794,0.8466406502799516,1.441198837025905,742.7869794476486,anomaly
71.75979983319434,3.0149076062593356,73.78094330567416,0.8363946128858798,1.4649771509993845,738.3663187003897,anomaly
71.85988323603003,3.450936429480874,73.76642384063396,0.8374835448148044,1.4449743223385068,739.4036044496959,anomaly
71.95996663886572,3.033110212859638,73.76289957790867,0.8549741224345417,1.443967691081914,740.9996359304106,anomaly
72.06005004170142,2.4916151646147084,73.7794602921199,0.8418213994421708,1.458691612511964,743.8389968424341,anomaly
72.16013344453711,3.2662768577562584,73.80950401555995,0.863461872302087,1.4503389982668025,742.6222442559226,anomaly
72.26021684737282,3.2866877259389082,73.83139295369418,0.8591139635925846,1.4470481638908796,732.5346286126737,anomaly
72.36030025020851,3.049511991665842,73.8811124222308,0.8831274097287529,1.465410579075144,747.1504883991049,anomaly
72.4603836530442,2.196225598859171,73.91300193129203,0.8667383097760573,1.4392206064811206,734.992459005435,anomaly
72.5604670558799,3.2052305866123962,73.89890762607982,0.8660589359334209,1.4431058830396075,737.6764524032212,anomaly
72.6605504587156,3.4640692275949716,73.91092888977295,0.8904764938763158,1.454150080129548,741.3865233839686,anomaly
72.7606338615513,3.1760576610910434,73.89315440334306,0.8675656241906686,1.4516353843398102,738.5609579319832,anomaly
72.86071726438699,2.3810450588771936,73.9354689709251,0.849398593240132,1.4432601649160246,737.786509083083,anomaly
72.96080066722268,3.0799615078952183,73.93521251858931,0.8528973874445814,1.4417633059561468,727.4380210016504,anomaly
73.06088407005838,3.2114432843393534,74.02184179195672,0.8423577072100799,1.451264571067677,734.6589993992046,anomaly
73.16096747289409,3.3831272053245742,73.95891571656115,0.8410053175311579,1.448446474162514,739.5817921755198,anomaly
73.26105087572978,2.323780537540591,73.99599086976434,0.8435152140051843,1.4621698924642366,740.0755210547693,anomaly
73.36113427856547,3.3894362170653993,73.98837310680203,0.843240390703343,1.4349935861537695,741.165138058038,anomaly
73.46121768140117,2.993019768389899,74.00431430938112,0.8394960037522261,1.4481236886254842,738.3776288953621,anomaly
73.56130108423686,3.2906976804101724,74.03694082208413,0.8293096759930129,1.4492272775927408,739.809605264591,anomaly
73.66138448707257,2.2801150604110263,74.00430812907662,0.836296025603894,1.4555669489314158,735.2348034935179,anomaly
73.76146788990826,3.4968909173223617,74.04498999514091,0.8304035574777515,1.4445256794821124,732.9769666002046,anomaly
73.86155129274395,3.097964942616331,74.15958792201882,0.8451716893072972,1.4504242067349467,733.5205392587959,anomaly
73.96163469557965,3.4354020218101184,74.12749776391249,0.8490563212424354,1.4730243851670264,743.818952925236,anomaly
74.06171809841535,2.085323281755167,74.14121438909058,0.8348027558418365,1.4505182178905538,738.7406296623274,anomaly
74.16180150125105,3.763238255352073,74.18766996419068,0.8552548086043529,1.460322927188929,751.0015188054651,anomaly
74.26188490408674,3.045351476714056,74.17966648180844,0.8826662462245035,1.4348246877036286,734.4053447085388,anomaly
74.36196830692244,3.3775446616537614,74.27613078488982,0.8702153586092035,1.4490526120305067,740.5812490545072,anomaly
74.46205170975813,2.137392824067033,74.35354806377256,0.866540327096051,1.4351735456778683,735.1709732322956,anomaly
74.56213511259384,3.5199402477865243,74.1749231622771,0.8539049568494814,1.4519776132703013,745.7275608623661,anomaly
74.66221851542953,2.8984536293924443,74.23963210098297,0.8809700275057616,1.4479621390305386,746.9271513974136,anomaly
74.76230191826522,3.5361347970696957,74.42933765613103,0.8839339205536343,1.4389915488237146,739.7920826490176,anomaly
74.86238532110092,2.08656689491405,74.39864942814344,0.8503181164431941,1.428044908234113,747.4129346519557,anomaly
74.96246872393661,3.7431043875166274,74.34948942713716,0.880386985477702,1.4390275788049263,741.5343897088513,anomaly
75.06255212677232,3.044435815268172,74.37397729592952,0.8492663307772386,1.454740958899838,745.5951023226145,anomaly
75.16263552960801,3.7228313767551446,74.35148657052628,0.8321348131700025,1.4370542061605402,738.3074656464893,anomaly
75.2627189324437,2.0321928969762095,74.37428110813104,0.8306601772430133,1.4532526277728743,734.8167857744884,anomaly
75.3628023352794,3.8838700553212084,74.46897820205476,0.8324146263862297,1.4581798212581911,741.1861151033021,anomaly
75.4628857381151,3.1120098461042867,74.52730815381773,0.8225232724528185,1.4364009016645674,736.8541885258688,anomaly
75.5629691409508,3.696810335381051,74.43891007586735,0.8144283195813118,1.4341766764620165,734.8467080942576,anomaly
75.66305254378649,1.8628753889126046,74.43621484201013,0.8219147068369449,1.4439815924531145,741.6199855168641,anomaly
75.76313594662219,4.000842236258047,74.62329048886107,0.8411887058986893,1.4558305771949331,736.2426470570636,anomaly
75.86321934945788,2.928178865858972,74.51814669151638,0.8435307914404684,1.4518116182478409,752.7900660965649,anomaly
75.96330275229359,3.807632653037542,74.54201551268952,0.8289963196075386,1.453334117262271,738.2755335114307,anomaly
76.06338615512928,1.9208622507804949,74.58821669119963,0.847271040051468,1.4570926713283305,734.0506475076828,anomaly
76.16346955796497,4.039534193372103,74.63366269927313,0.8461983251940439,1.4298065561984103,745.1864450536124,anomaly
76.26355296080067,2.7829781885308345,74.58767129546031,0.8721854024128324,1.4444256302260448,731.3074837601426,anomaly
76.36363636363636,3.7990593183000434,74.50923382777317,0.8720115936270302,1.4567912204000575,734.762128768152,anomaly
76.46371976647207,1.8822099180187501,74.6356864319003,0.8642711608902134,1.4474635623098717,743.5062450343594,anomaly
76.56380316930776,4.171081042799479,74.63290966297632,0.8440885688618266,1.4487193427713994,734.941166738837,anomaly
76.66388657214345,2.663667447657525,74.62886815459218,0.8742454891672756,1.4434514498829496,741.4267655907083,anomaly
76.76396997497915,4.037843280923965,74.66064568888025,0.8553209121761682,1.4330417289216375,737.8464210576159,anomaly
76.86405337781486,1.9574630330534983,74.66578355697372,0.8546810633287452,1.4434271113405757,738.2790463108672,anomaly
76.96413678065055,4.4205238022862625,74.80688622547432,0.8513836346654811,1.4448426698522763,732.5409908180557,anomaly
77.06422018348624,2.8401050460817157,74.77095951032813,0.8630552281908086,1.4698672523178982,735.3011257542332,anomaly
77.16430358632194,3.917313857644447,74.80247578306488,0.8531926918078675,1.4605137191129693,742.149760228996,anomaly
77.26438698915763,1.907885849559625,74.78476100485271,0.839923426708404,1.4692630908691164,732.723987170473,anomaly
77.36447039199334,4.425332958996368,74.8343838085187,0.840473718203394,1.449330195020725,738.7513220936613,anomaly
77.46455379482903,2.8712670998017096,74.84661076125295,0.8415048367267319,1.4382875325612203,742.1189484743213,anomaly
77.56463719766472,4.077261558626916,74.83190162966352,0.8463235831310271,1.4453635506630886,737.56856090765,anomaly
77.66472060050042,1.8042851877717505,74.8293889352373,0.8377166804060596,1.4505969045168343,732.5020299479295,anomaly
77.76480400333611,4.543488106914315,74.94291370519394,0.8412179579306565,1.4405785911557276,736.1865067268059,anomaly
77.86488740617182,2.5992333009276534,74.88066803380534,0.8385106563276422,1.449196273478654,742.9558786163178,anomaly
77.96497080900751,4.108135918470962,74.95513612011213,0.8567511096972678,1.4498071171934959,730.1414422030449,anomaly
78.0650542118432,1.817448029026941,74.96613428374589,0.8420822248755566,1.4438400635177238,728.022695283663,anomaly
78.1651376146789,4.615186492799361,74.934443537997,0.8687184431085212,1.4364529730918363,738.7092061022386,anomaly
78.26522101751459,2.505923907253732,74.97194479759487,0.8707898791477513,1.4491176046985852,740.8402973202507,anomaly
78.3653044203503,4.13111510696489,74.99654549350858,0.8550095372993803,1.4526597683165345,741.5369628871447,anomaly
78.46538782318599,1.7668412740653103,75.02084533760637,0.8679396431495184,1.4314672625604827,730.1089475029949,anomaly
78.56547122602169,4.6333418668590065,75.03890156968768,0.8873180467507058,1.4313622911515749,732.8962167633522,anomaly
78.66555462885738,2.787928877377257,75.05723908967443,0.8640343411541614,1.461393576033969,735.884027512306,anomaly
78.76563803169309,4.376335425883829,75.01447695639617,0.8721633846169149,1.4489068863890004,739.435165950892,anomaly
78.86572143452878,1.6262202344970187,75.06898993210572,0.8803702792905704,1.4320342303248994,736.4793178527449,anomaly
78.96580483736447,4.844747991961998,75.15133018686856,0.84713219862493,1.4587002734746057,733.7133539315442,anomaly
79.06588824020017,2.557257806013636,75.10116837360664,0.8399759189633268,1.4463587982897088,738.8189708232584,anomaly
79.16597164303586,4.372719902700415,75.12239457203563,0.8372375525799951,1.4398298409367916,740.5849089197199,anomaly
79.26605504587157,1.6058282494813083,75.22015083902447,0.8356245328276475,1.4394611359973157,726.3047567342587,anomaly
79.36613844870726,4.74982926081039,75.21812821723957,0.816912018081512,1.439030056408014,746.5796874484595,anomaly
79.46622185154295,2.4830222490138345,75.23462634744817,0.8256275398057022,1.4435847309088414,737.3330876543693,anomaly
79.56630525437865,4.251270395919184,75.2045982106652,0.8169019229610348,1.4373287148599314,734.8140669651787,anomaly
79.66638865721434,1.800761367266752,75.22541916573921,0.8200428019172495,1.4288009897622593,736.734867987244,anomaly
79.76647206005005,4.82364997777362,75.2209560498219,0.8529921600849772,1.4405409052883977,745.7882992462037,anomaly
79.86655546288574,2.3821742504408117,75.21136390306141,0.844421095532339,1.4468914176464702,734.604713187866,anomaly
79.96663886572144,4.413481499633096,75.34830346802022,0.8470138056833573,1.4557157939903365,741.1553375970659,anomaly
80.06672226855713,1.7073153935046752,75.39974035434989,0.853988381535806,1.4585445866652615,740.29095685687,anomaly
80.16680567139284,5.083435854378279,75.26069678435573,0.8615066253587571,1.4589187793539882,742.2051332656046,anomaly
80.26688907422853,2.387197528829475,75.29008313878887,0.8633900777727936,1.4598455324361905,733.8498147338112,anomaly
80.36697247706422,4.532270089107804,75.39874742747428,0.8621690005331472,1.448770220486489,730.4234990717615,anomaly
80.46705587989992,1.5068998820769908,75.32484883889474,0.8658340710864513,1.4533997867890827,735.8698837213651,anomaly
80.56713928273561,4.994553186309396,75.42619602019572,0.8585681477276716,1.4472082322607074,728.5487405951716,anomaly
80.66722268557132,2.356313563823123,75.53569032115492,0.853341972540026,1.4556651527825406,736.1329961410679,anomaly
80.76730608840701,4.702581837721125,75.38652115560882,0.8588021306232636,1.4550090200554482,733.5731230048771,anomaly
80.8673894912427,1.6546487534851406,75.3670219446318,0.8299290700714534,1.4519231171270441,733.2358310801156,anomaly
80.9674728940784,4.8829832850258335,75.46026052030189,0.8755525002592351,1.4479302468337,741.1580727757738,anomaly
81.06755629691409,2.331883032335552,75.5343123508356,0.8514698057187919,1.441150669976779,739.2318329309718,anomaly
81.1676396997498,4.5752923636895115,75.68100367752952,0.8360022432364159,1.4457549671759815,742.4100974234699,anomaly
81.26772310258549,1.572172636253366,75.572219879948,0.8284902192260793,1.4496457746710751,737.7149062729673,anomaly
81.36780650542119,5.218625019176006,75.6570957671994,0.8309600132525428,1.4437249645886323,735.469933223281,anomaly
81.46788990825688,2.3107778859036605,75.60889157154513,0.8364854832662896,1.4427517574012774,734.3995303879173,anomaly
81.56797331109259,4.580351390725361,75.62710219591136,0.8437575292905032,1.4428586318510768,736.3908632115161,anomaly
81.66805671392828,1.820431474377847,75.68452266789075,0.8304985162520339,1.4460123393740425,727.0984734581185,anomaly
81.76814011676397,5.303556648309073,75.72372734970013,0.8361801770077392,1.4357348293797907,737.0361549902564,anomaly
81.86822351959967,2.465568651322113,75.66560601676647,0.8375497672121824,1.4534312977734336,732.622625535438,anomaly
81.96830692243536,4.676207001802167,75.70450005045474,0.8490194453682259,1.4380141707602891,734.507001469578,anomaly
82.06839032527107,1.6033172777430242,75.72941883516856,0.8541709601809475,1.4521929696150735,739.2241695299683,anomaly
82.16847372810676,5.108591878866655,75.65855661841663,0.8576029746564382,1.4440948999615602,737.6599067730806,anomaly
82.26855713094245,2.472576235301819,75.73922966877672,0.8592490661660382,1.4477775957570276,729.3441170451143,anomaly
82.36864053377815,4.6176535078657315,75.76698653796981,0.878339619966839,1.4567719064211055,734.5643698806301,anomaly
82.46872393661384,1.6965722557435527,75.74199514442488,0.8745898670539936,1.4584418703811581,743.2227218981192,anomaly
82.56880733944955,5.3667864028729735,75.85711053018092,0.8682020646515017,1.4469670944959088,746.3291823033356,anomaly
82.66889074228524,2.555970678507999,75.81946191687368,0.8651918985129606,1.4723295512478505,736.993688226857,anomaly
82.76897414512094,4.743439421342907,75.85202969344806,0.8603799089990462,1.4478343864782257,734.8753109811795,anomaly
82.86905754795663,1.6515732487772565,75.90511587322361,0.8656397657569073,1.4489663955911258,732.1028021141874,anomaly
82.96914095079232,5.508148060873961,75.88682564484185,0.8539091454356131,1.4585070326838163,732.5369669170175,anomaly
83.06922435362803,2.4985949561484055,75.85468859533786,0.8498483859453949,1.4486143062780588,735.487025561297,anomaly
83.16930775646372,4.748229135175249,75.85809942115824,0.8189370866434108,1.4449561872423258,730.2119471736919,anomaly
83.26939115929942,1.841836263428688,75.985867894569,0.8420904776025341,1.441835760455185,737.7068680941959,anomaly
83.36947456213511,5.616138793307939,75.90303981737806,0.848587601247296,1.4538807287097462,734.1505505249694,anomaly
83.46955796497082,2.430794174999937,75.93299436185224,0.8370028660778226,1.4499046186575364,731.0490162598769,anomaly
83.56964136780651,4.510269763826646,76.05491430110861,0.8395340298141676,1.43680469516531,733.7118870630196,anomaly
83.6697247706422,1.778721275235696,76.04222548607025,0.8338743226977928,1.4445333680056025,722.9858303304054,anomaly
83.7698081734779,5.3646076635177575,75.95986537200284,0.8325304454554204,1.4442198473326275,727.5193694319511,anomaly
83.86989157631359,2.4659803408614165,76.13907172338395,0.8587657694386034,1.4497028960641,736.8467594099866,anomaly
83.9699749791493,4.579625779837537,76.07863965309485,0.838541905581284,1.44974316943961,730.4368287462297,anomaly
84.07005838198499,1.5884522284091451,76.15980462731174,0.8372605407545823,1.4594766816802822,743.7854449132601,anomaly
84.17014178482069,5.548961581899237,76.18617452929513,0.858119664156511,1.4454189323723208,731.8990197671607,anomaly
84.27022518765638,2.3923070454402264,76.21912039412479,0.876751025484936,1.4594889723956126,736.5305303411842,anomaly
84.37030859049207,4.659899764379911,76.18589915190124,0.8789936438457853,1.446680219900031,740.0893686168403,anomaly
84.47039199332778,1.810754496213617,76.20837167737746,0.8653144838814848,1.4526681613928825,733.8883080294248,anomaly
84.57047539616347,5.630230066648338,76.18654074838099,0.8771728855649287,1.4682762413696266,738.8580989086336,anomaly
84.67055879899917,2.5922135263889254,76.13519707270399,0.8640997070685879,1.4687759334376254,736.3370599490286,anomaly
84.77064220183486,4.846509172743381,76.28625820705766,0.84814385177882,1.4340735375736822,739.6853054062773,anomaly
84.87072560467057,1.8661344166505929,76.21080074632629,0.8731217542032483,1.448728739784555,730.9283125825875,anomaly
84.97080900750626,5.539559971468317,76.1802788417014,0.8644774159624614,1.4643404240879834,742.3057242707637,anomaly
85.07089241034195,2.431283969046327,76.35311945970324,0.8331002496840432,1.4500136015049658,741.2883797510559,anomaly
85.17097581317765,4.695394995018436,76.32864462621914,0.8314171880725303,1.4506700284152114,741.144127038381,anomaly
85.27105921601334,1.869352097055844,76.32429653423257,0.8139797697634087,1.4513505945199026,727.8113089522876,anomaly
85.37114261884905,5.672085165609634,76.42979209144906,0.8227585426153758,1.4564129076162602,731.7616892723901,anomaly
85.47122602168474,2.5730196375160252,76.34987211499786,0.8242806072505977,1.4558026687394119,731.0266922619019,anomaly
85.57130942452044,4.854233200392269,76.37501172919507,0.8193965988404638,1.4586975351570268,735.7644595300418,anomaly
85.67139282735613,1.9206910981437832,76.47556539977955,0.8352096531659317,1.4545196452290112,728.2813203021176,anomaly
85.77147623019182,5.495830788619564,76.40210066531367,0.8366270517904156,1.463203883102453,729.2967006971977,anomaly
85.87155963302753,2.483553810320261,76.35863009074899,0.8572408997873175,1.4371141173056137,731.70523674971,anomaly
85.97164303586322,4.763716908962159,76.52967468933979,0.8546709679339372,1.4305848310006561,745.3728602083779,anomaly
86.07172643869892,1.8863086401432803,76.5604774264795,0.8494740403562029,1.4613470576574465,741.7805193290143,anomaly
86.17180984153461,5.478840012816838,76.46309230414938,0.8501863238078091,1.4595130524487778,729.3209681806499,anomaly
86.27189324437032,2.754151111762136,76.47631706006854,0.8676929993250477,1.431128895164185,729.4948639148513,anomaly
86.37197664720601,4.745514692823065,76.60775894021808,0.8723057910679247,1.4351200048471842,741.5702786420537,anomaly
86.4720600500417,1.9639892194154156,76.57787230155904,0.8615292497054914,1.4493542976556866,728.7166505769814,anomaly
86.5721434528774,5.5287825350352335,76.56646038825126,0.8854824591175718,1.4592594242654657,737.5741003012779,anomaly
86.67222685571309,2.596546070136049,76.60924473669665,0.872843299650143,1.4646961458588226,732.1397292676959,anomaly
86.7723102585488,4.840452672694308,76.61346110002675,0.8626792920000146,1.447450287156349,730.7738457804599,anomaly
86.87239366138449,2.0246135690158855,76.58884980261496,0.8738417715978669,1.4430202486136212,743.4426546236471,anomaly
86.97247706422019,5.54166326645573,76.6746902833463,0.8454427786857361,1.446359865802888,729.5934609682024,anomaly
87.07256046705588,2.598551765601481,76.66737442415072,0.8453430380272813,1.4524703870963054,721.8826551702281,anomaly
87.17264386989157,4.829292795578445,76.67368019821483,0.847732547077102,1.4489097656281327,733.9418641366559,anomaly
87.27272727272728,2.0336558903561097,76.80150885356659,0.8261556176216172,1.4495686701350707,737.088483883528,anomaly
87.37281067556297,5.451116240193857,76.61708153434589,0.8466804614596202,1.448464292040557,738.1159958029069,anomaly
87.47289407839867,2.7916279894188056,76.70718573243423,0.8230261020867381,1.4259973453846162,737.5343373377918,anomaly
87.57297748123436,4.887210500528119,76.8042179285473,0.8308253976034335,1.441713137501707,734.0711093592198,anomaly
87.67306088407005,2.3492436452908096,76.87541077628872,0.8360359148685769,1.452917219208601,730.2830291450434,anomaly
87.77314428690576,5.631103134493216,76.74548105450289,0.8418802628761819,1.4485722581134628,735.0012718318844,anomaly
87.87322768974146,2.6523777870402903,76.83455767905912,0.8306767074666588,1.4557074404293446,738.424609624063,anomaly
87.97331109257715,4.6669831805925615,76.78791316868235,0.8373207936755184,1.4562691118787745,729.4971100186309,anomaly
88.07339449541284,2.3840673244065744,76.9506409978467,0.8510277169645375,1.4533166873763632,729.2169565827396,anomaly
88.17347789824855,5.630866157573159,76.9354294425688,0.8555226731874414,1.4536545833566044,729.7795600499713,anomaly
88.27356130108424,2.7570324748161257,76.90607405810273,0.8767026713226963,1.4704112328675996,734.5949788440946,anomaly
88.37364470391994,4.786122521342538,76.88252070116012,0.8604732831162163,1.4499135459033208,736.3719702695707,anomaly
88.47372810675563,2.491327581730318,77.0398213688013,0.8624373203580983,1.444083707693057,734.0762856036946,anomaly
88.57381150959132,5.595204290942855,76.90917455650906,0.8699234629064514,1.4424587496259305,732.8934127676787,anomaly
88.67389491242703,2.896066040657305,76.96390135436442,0.8691819140495265,1.4712730647161758,735.8404898202167,anomaly
88.77397831526272,4.777676582697157,76.95410272753209,0.8721472765746893,1.4593881223940466,729.6660715448345,anomaly
88.87406171809842,2.367985677769642,77.08808746819318,0.8576391857233548,1.4427536886754588,738.2756123601366,anomaly
88.97414512093411,5.615127792305261,77.10550155991143,0.8423362616484174,1.4542686287115425,738.6036831747671,anomaly
89.0742285237698,2.938701546360066,77.08610221202503,0.8608905198994787,1.4577644743665676,737.1316523012013,anomaly
89.17431192660551,4.607163816380142,77.09475500892982,0.8353610786410833,1.448695106416308,745.7024948757947,anomaly
89.2743953294412,2.5249262336767764,77.0337011984376,0.8318049872058545,1.445829905167796,728.3103355497745,anomaly
89.3744787322769,5.779844438747126,77.13266860716188,0.8355595825918687,1.4650247627136475,742.0653589730679,anomaly
89.47456213511259,2.9166696190470742,77.15681267642223,0.8217514909113632,1.4354580809016322,733.5029405762904,anomaly
89.5746455379483,4.530838650914827,77.23797950268171,0.8344348377172939,1.4543065616718085,729.2805088041798,anomaly
89.674728940784,2.8738417201355446,77.19325492735376,0.8507036362649084,1.4409249417048764,733.7565186869557,anomaly
89.77481234361969,5.3818457746321355,77.1775410083133,0.8321259448566971,1.4528295924409718,733.7564101817339,anomaly
89.87489574645538,3.1685284799694085,77.20636437667103,0.8320178733557082,1.4499401097079534,735.6763981853983,anomaly
89.97497914929107,4.606391733517715,77.22631734939128,0.8457333966298619,1.4485418200902447,729.3642950259994,anomaly
90.07506255212678,2.6274324549790524,77.27382357478463,0.8495100135316798,1.4600890077707527,736.4229187509846,anomaly
90.17514595496247,5.328889724054315,77.3114050901702,0.8583270165914121,1.4328513767241768,736.2921927392256,anomaly
90.27522935779817,3.010164378411166,77.33032658566674,0.8574610231777804,1.4451381555016787,736.1473310455732,anomaly
90.37531276063386,4.705045921469385,77.47172482877545,0.8579022961880032,1.4531628103026764,738.6045322983841,anomaly
90.47539616346955,2.8777456322823833,77.34744405014122,0.8523945020567868,1.4615946055164168,728.4672581274443,anomaly
90.57547956630526,5.404309048002338,77.35784893586617,0.8633997512026503,1.4401596965723167,737.6460281659142,anomaly
90.67556296914096,3.28500521269989,77.29338757496576,0.8613825556080953,1.4596315889971476,734.7636045846316,anomaly
90.77564637197665,4.641531713820527,77.4176348657603,0.8775314177443404,1.4491583336172194,730.9424551529636,anomaly
90.87572977481234,2.8332413223539445,77.42555972815939,0.8492302723369314,1.4622464638831971,736.0394781506341,anomaly
90.97581317764805,5.411389772952123,77.47310226562352,0.8645498086685919,1.4588945762839833,742.6607837370956,anomaly
91.07589658048374,3.1353337095360767,77.56025950723878,0.836215375265888,1.4671424914426485,732.7108586660764,anomaly
91.17597998331944,4.5137010041566175,77.50314478363462,0.8386073251226063,1.4331926911136061,735.6447387640247,anomaly
91.27606338615513,3.0986461182767044,77.46859010896723,0.8565904462397244,1.441077786538175,738.4347827857418,anomaly
91.37614678899082,5.565777302272405,77.57994614180961,0.8254801083671066,1.4490893593673202,735.9293263496298,anomaly
91.47623019182653,3.289942305618408,77.55209525907574,0.8298763996654045,1.4535010113921554,736.4093311192606,anomaly
91.57631359466222,4.355230762033729,77.68049528926423,0.8249266490062446,1.43584860165555,732.1336144764527,anomaly
91.67639699749792,3.0706700114455185,77.64325066248291,0.8265723493694431,1.4450387169999892,738.4416620783304,anomaly
91.77648040033361,5.334693842355844,77.65715657505673,0.8236653440115447,1.4355660472034104,734.8504398774993,anomaly
91.8765638031693,3.462854457208028,77.68160298546431,0.8448645515924544,1.452100386187075,740.8292689409737,anomaly
91.97664720600501,4.536589560681445,77.69248262535869,0.8566402873817109,1.4591941993586286,732.1831999281119,anomaly
92.0767306088407,3.2722454166757937,77.6966490200099,0.8345676273681363,1.434876180452665,733.8888192077771,anomaly
92.1768140116764,5.417500612909313,77.76023624653561,0.8655989590411451,1.4689280233274997,734.5794928309829,anomaly
92.27689741451209,3.4889049509678203,77.70947039064205,0.8709254829434061,1.4454416383259268,730.4364804579042,anomaly
92.37698081734779,4.4848009987223385,77.71009167452732,0.8722050804973666,1.4498762613226925,738.0101933588346,anomaly
92.4770642201835,3.4732734437590542,77.71468753873842,0.8730317474906338,1.437057742785134,730.3737190485069,anomaly
92.57714762301919,5.576954549461432,77.72216136088446,0.8596879331707609,1.4561079418825342,728.6796976409536,anomaly
92.67723102585488,3.7380428821315217,77.70979945100913,0.8569602136270691,1.453055426084516,738.4465669626934,anomaly
92.77731442869057,4.247293754610665,77.79326379740866,0.8704356302758816,1.4501267191175238,726.1122308020043,anomaly
92.87739783152628,3.5560190252632555,77.79847649534871,0.8450780241275466,1.439872376444998,733.0607765847104,anomaly
92.97748123436197,5.240227121617492,77.86250109893592,0.8504529970742227,1.4659746631690895,732.1789143966407,anomaly
93.07756463719767,3.6606823795510746,77.84491741952716,0.8546740605810438,1.440296684223701,730.1174829662641,anomaly
93.17764804003336,4.262264790968379,77.8088218800433,0.8393533495771797,1.4695046680534631,731.8969050210821,anomaly
93.27773144286905,3.6746562276401984,77.93379295905117,0.8295107794851375,1.451037714839329,726.8388438135185,anomaly
93.37781484570476,5.163026228332545,77.9363743816792,0.8214718317184884,1.4591610842831673,729.8331504307249,anomaly
93.47789824854046,3.8392213985420884,77.87903604105179,0.8228709542968723,1.469307872776108,725.162112440636,anomaly
93.57798165137615,4.32350225156245,77.9567664561078,0.841193198141456,1.4412009816946505,731.2448826341946,anomaly
93.67806505421184,3.6934025855505483,77.97284695129022,0.8373234462293543,1.450932156611256,734.2504646305839,anomaly
93.77814845704754,5.271830977970405,78.02062963415582,0.8354936368881,1.4510701173766396,738.4262793575023,anomaly
93.87823185988324,3.9247532555931235,77.98177297813096,0.8257625717152298,1.4751859098938518,739.0262287893909,anomaly
93.97831526271894,4.303402373071969,78.02103480232066,0.8522278773520563,1.449373451488168,730.6599891466486,anomaly
94.07839866555463,3.802352841473036,78.00585575389324,0.836594539684233,1.4430867328714168,738.2607453702141,anomaly
94.17848206839032,5.344315531738565,78.09939716016791,0.85380432103469,1.4653353780851777,735.9998691272849,anomaly
94.27856547122603,4.1990067393466814,78.0387897156015,0.8860773374604372,1.449846024073397,743.6218544814587,anomaly
94.37864887406172,4.087255686754875,78.15006067568785,0.8798057875754405,1.4312510375221854,737.3474242407375,anomaly
94.47873227689742,4.241352844337971,78.21461139551536,0.8643701839885541,1.435375113378428,733.0775825559482,anomaly
94.57881567973311,5.055800915209849,78.20937788353321,0.8687523073499517,1.4396978686188724,742.0821594387951,anomaly
94.6788990825688,4.11002000779308,78.20810962164812,0.8560593175648687,1.4656730662862694,723.9363351877453,anomaly
94.77898248540451,4.018090548607877,78.25030021185636,0.8512680887594706,1.4478916622585012,736.4249464248011,anomaly
94.8790658882402,4.1950229708967886,78.21180106068128,0.8610763197577221,1.437637338323408,733.7781710791722,anomaly
94.9791492910759,4.943260542806327,78.19636349626546,0.8551400133903148,1.4245803536058061,735.0632516516025,anomaly
95.07923269391159,4.369358116049455,78.3179897309526,0.8382065861483338,1.4523212903853817,733.5304755649623,anomaly
95.17931609674729,4.08552507111196,78.23876351918538,0.8577379947141865,1.4688667236962003,737.4455208795572,anomaly
95.279399499583,4.2207102679925805,78.28453911648826,0.8415931471850402,1.4390400886612063,728.1409412513742,anomaly
95.37948290241869,5.059159945272393,78.3716363142651,0.8346806667804207,1.4446112368248207,733.1706469913574,anomaly
95.47956630525438,4.198022481354737,78.42138400855578,0.8258084809512165,1.4510857863418634,733.9269917698128,anomaly
95.57964970809007,3.8984888737337053,78.32596110711137,0.8316301216297335,1.447081915955397,732.3569249626324,anomaly
95.67973311092578,4.248916470575753,78.33525612664211,0.8140003675993412,1.4545743088761836,742.857846287741,anomaly
95.77981651376147,5.012410458153323,78.3693668357529,0.8398946283488412,1.4570461596121393,737.0288254560679,anomaly
95.87989991659717,4.414996695532837,78.43888228010059,0.8584247745290589,1.4477911767260319,725.3092313354958,anomaly
95.97998331943286,4.097594491110202,78.41497494283949,0.8588532196079967,1.4349004103206464,734.585210689748,anomaly
96.08006672226855,4.575781225090963,78.54073467059952,0.835544510888857,1.4463680297450223,737.6955753162842,anomaly
96.18015012510426,4.943111534287422,78.5244302395582,0.8676775436044695,1.454141438852555,734.8593417074527,anomaly
96.28023352793996,4.439885214954813,78.6030924100179,0.8624901338408111,1.4361252487049962,733.9234238242302,anomaly
96.38031693077565,3.9631192306078464,78.49417772649416,0.8579554643058748,1.4488229069550558,737.6394696592191,anomaly
96.48040033361134,4.5072854695341915,78.6096532211831,0.8742798328681762,1.4498607496555953,720.4084005623026,anomaly
96.58048373644704,4.800627336818825,78.52219368720712,0.8669794533342653,1.4520538802586624,734.1066206961228,anomaly
96.68056713928274,4.812260642258882,78.56261233251729,0.8702111933738202,1.4546353334250421,738.3111574016647,anomaly
96.78065054211844,3.669198713655338,78.57775191120575,0.8504141977830427,1.452942433919204,715.2938065066301,anomaly
96.88073394495413,4.6662637060441865,78.64538953474556,0.871671184395863,1.4517698279753655,734.4207516990019,anomaly
96.98081734778982,4.790952855687741,78.70252153026641,0.8409394581539044,1.449116317438598,729.0338320814595,anomaly
97.08090075062553,4.800004143754624,78.65932068672491,0.8315005732490068,1.4493106655004688,729.9249986693636,anomaly
97.18098415346122,3.713766645923532,78.65420769844161,0.8591591086945187,1.4447762233028107,738.5622089972945,anomaly
97.28106755629692,4.859827945960233,78.72043260185914,0.8494333295271922,1.4596667424801095,729.1936295124938,anomaly
97.38115095913261,4.863376810146154,78.78528470275461,0.837251336862783,1.4353418015367554,725.3560319982381,anomaly
97.4812343619683,4.868843250521505,78.80917451828203,0.8504471915767975,1.4600251600947525,730.6420588732275,anomaly
97.58131776480401,3.61398852317649,78.80211734890348,0.8356999781873721,1.4472086889289093,727.6960953560574,anomaly
97.6814011676397,4.914910596375251,78.799588409039,0.8190145664084678,1.4487116449942319,724.049918848436,anomaly
97.7814845704754,4.698900708206389,78.87066979036504,0.8436158832420894,1.4236140887163296,721.3510126970089,anomaly
97.88156797331109,4.878909345416342,78.81266345416198,0.8571033962441205,1.4661751264971308,731.8602453993278,anomaly
97.98165137614679,3.7096868952352136,78.80333982836046,0.8490337842129104,1.4639149892004997,728.6317180155062,anomaly
98.0817347789825,5.21210720214384,78.9245273292152,0.8793145379528182,1.4399137150968009,728.5368588093463,anomaly
98.18181818181819,4.720986183262961,78.80902026003379,0.8680071323008398,1.4527128021005062,726.4909790585061,anomaly
98.28190158465388,4.9402029964836744,78.95523136779062,0.8756248472268101,1.4583431179655684,734.4634395654394,anomaly
98.38198498748957,3.682564969053721,78.91576799419055,0.863289525038631,1.4529377264456407,732.1923918145468,anomaly
98.48206839032527,5.199172742439467,78.95480032394829,0.8852724872183863,1.4473540254174155,732.5435335909796,anomaly
98.58215179316097,4.826374532580396,79.04035979627324,0.8603925303333461,1.458807802742512,737.9871971405423,anomaly
98.68223519599667,4.967233259868324,79.03777367181779,0.8712419297827816,1.445853837429634,724.907486847344,anomaly
98.78231859883236,3.783072129618799,79.04051573650725,0.8729390274894223,1.4450803587588852,723.7511652772453,anomaly
98.88240200166805,5.323178496609946,79.00522351149897,0.8559861272932349,1.4590608357531198,731.4580880740848,anomaly
98.98248540450376,4.760367260507179,79.03204298485096,0.8398312536610261,1.4405736637953668,737.9198170408124,anomaly
99.08256880733946,5.16243181597246,79.04820023188118,0.847581954014255,1.4551850817567937,726.9766513901664,anomaly
99.18265221017515,3.4417298533887357,79.09451679712924,0.83702360367402,1.4598414496852237,732.6011035837995,anomaly
99.28273561301084,5.502101307856995,79.0939311662903,0.8216583398132008,1.4492068246887155,746.0233273106239,anomaly
99.38281901584654,4.703570585436078,79.16870490164331,0.8316517095040807,1.4417130004471965,740.838813628688,anomaly
99.48290241868224,5.160207770396059,79.07218414222011,0.8289425032854835,1.4312209931545188,731.4552480638143,anomaly
99.58298582151794,3.551177004602511,79.16382818216373,0.8203045179884528,1.452749436920968,734.3175044635149,anomaly
99.68306922435363,5.291945971094615,79.19875594395148,0.8180979764891043,1.4461575282301222,734.9647923377876,anomaly
99.78315262718932,4.571837540737559,79.17077474116675,0.8287970438597553,1.4531324886470167,729.7617887834305,anomaly
99.88323603002502,5.467848837376027,79.16245097570442,0.8353221159873409,1.4578105537275878,729.7839786385591,anomaly
99.98331943286072,3.530531596639213,79.19910938317805,0.8471682933945042,1.453702958646992,727.7798097326604,anomaly
100.08340283569642,5.6476032199556325,79.25979396422763,0.8633154860440971,1.452205753711822,731.1164797510633,anomaly
100.18348623853211,4.566138752712115,79.30610852298761,0.8706218441949488,1.4543771554240026,735.562853232643,anomaly
100.2835696413678,5.405421763828911,79.3503531001693,0.8683971400791289,1.4561789454268874,735.4771763470873,anomaly
100.38365304420351,3.538067835581001,79.29942433246977,0.8652429175344379,1.4576440497970604,731.6622816306725,anomaly
100.4837364470392,5.891578472042569,79.27489729958202,0.8678763182424734,1.4518252610630542,731.7925603380104,anomaly
100.5838198498749,4.432838167266921,79.40033167808913,0.8601090515818147,1.456078847410047,725.1225511244719,anomaly
100.68390325271059,5.61191822431547,79.41613729426388,0.8691423808250638,1.4323882613728678,730.0617004928004,anomaly
100.78398665554629,3.587898755492604,79.40034600797856,0.8622204150003427,1.4596273989259787,727.1978199033427,anomaly
100.884070058382,6.024323283959834,79.39014844046278,0.8483241513920782,1.4477451417135523,730.7866693846365,anomaly
100.98415346121769,4.512848730885332,79.512948293004,0.844588360800727,1.4656315348503461,737.416944279875,anomaly
101.08423686405338,5.773350120122664,79.46467551479472,0.839345961491272,1.4757762559741054,730.5881759005398,anomaly
101.18432026688907,3.219597472748438,79.53968040559283,0.8218208154516056,1.458492727267808,730.4258405933326,anomaly
101.28440366972477,6.03158454650631,79.5124536409167,0.8369317701636527,1.4422419433072053,733.447428617643,anomaly
101.38448707256047,4.433022663863583,79.47401299668667,0.8373727165603853,1.4535838122386031,733.2999693592456,anomaly
101.48457047539617,5.706779168443201,79.56743015450078,0.8363169813016036,1.4514969773432862,737.1315798735143,anomaly
101.58465387823186,3.46282159718219,79.53093855731632,0.835845587858669,1.4479515409739876,731.16670175699,anomaly
101.68473728106756,6.136090395709056,79.55873005783198,0.8239263156467356,1.4665717612029177,732.442641508007,anomaly
101.78482068390326,4.414350576510527,79.61402455569697,0.8358017325696406,1.4617332232471392,727.6805233759613,anomaly
101.88490408673896,5.697006873600232,79.67657034672881,0.8529215827316344,1.4495035583476592,725.8810786058868,anomaly
101.98498748957465,3.4281847644309185,79.68412955834852,0.834417825711112,1.4584721941547927,732.0785149241359,anomaly
102.08507089241034,5.955306218404254,79.68036548756646,0.8454579273353803,1.4571070143026532,736.8377822700721,anomaly
102.18515429524604,4.313942213648918,79.6523443095458,0.883673665627069,1.4498529759427994,724.1975451394081,anomaly
102.28523769808174,5.695660176620838,79.75172331985632,0.8631634762574174,1.4356991203226148,722.3170914443507,anomaly
102.38532110091744,3.524878299685318,79.68754213702542,0.8793993189513202,1.4364780974545959,722.7405480410139,anomaly
102.48540450375313,6.341277583267603,79.68034624981283,0.8801749239228498,1.4366349963910847,729.5770080014604,anomaly
102.58548790658882,4.207970890108547,79.72170422043779,0.8590634835588271,1.4263411139385613,732.3737107578219,anomaly
102.68557130942452,5.948434160403652,79.7987926933576,0.8598515953385694,1.4450786067683936,736.0915749070814,anomaly
102.78565471226023,3.415071829056277,79.84089900111158,0.8311420098716749,1.4533113656229815,739.0559184885585,anomaly
102.88573811509592,6.619074602341996,79.84659232139401,0.8626964792230231,1.436411179518936,726.5646854999734,anomaly
102.98582151793161,4.2554985323589,79.88926653010326,0.8434539348233545,1.4492926453978945,738.1546148581259,anomaly
103.0859049207673,6.185634034150235,79.82584516980931,0.8452237770544684,1.4418003959889285,728.7103042828211,anomaly
103.185988323603,3.37194962284184,79.86519303434368,0.8406695574077628,1.4508425945058525,732.0293990650758,anomaly
103.2860717264387,6.609736233007597,79.93957704761424,0.835394763780282,1.4526711637146397,734.053170649133,anomaly
103.3861551292744,4.156759988087784,79.90705561148468,0.847606948128687,1.4492883007569313,741.8940541830738,anomaly
103.4862385321101,6.106532680554736,79.92768014278882,0.8300624662763249,1.4552637904333947,729.2469085347853,anomaly
103.58632193494579,3.5404538796175427,79.96825159650064,0.8465763189601789,1.4410812677331761,727.8211753368427,anomaly
103.6864053377815,6.489444377410358,79.91809080211772,0.8238280279191663,1.464027233800368,725.1418690651282,anomaly
103.78648874061719,4.29759251290181,80.0082774678812,0.8278194868760002,1.438690668714815,731.4798035712741,anomaly
103.88657214345288,6.192764348235464,80.08017172961189,0.837569172138788,1.4632685786778177,732.1105241508254,anomaly
103.98665554628857,3.4982755400130667,80.0765011261299,0.835819529889359,1.4541758827295141,733.8669902034916,anomaly
104.08673894912427,6.731642541485642,80.02974676952175,0.8317812192721454,1.4418742454297022,729.0895651996074,anomaly
104.18682235195998,4.407400711002669,80.11234503539038,0.8690138339696667,1.4454856975153132,732.6197455307964,anomaly
104.28690575479567,6.379019689092489,80.13425560142032,0.8615278881810757,1.459475010170698,734.9374533574703,anomaly
104.38698915763136,3.51048401420062,80.12185165452942,0.8580145505865591,1.4593474382458835,727.353091640811,anomaly
104.48707256046706,6.8149229311739825,80.07467336581598,0.8736299461381878,1.437239553375302,722.0603412606548,anomaly
104.58715596330275,4.276322252023831,80.18278169918236,0.8565826543794669,1.4497600366858254,724.9312616178082,anomaly
104.68723936613846,6.40567148526533,80.20000770494453,0.8687152736060988,1.4390117436664105,725.40959477064,anomaly
104.78732276897415,3.73730971318997,80.26435590082403,0.8509256790140188,1.4522235121999691,729.0726003694706,anomaly
104.88740617180984,6.891771984738103,80.28147895484905,0.8473877462571396,1.4397039321433907,728.134053339364,anomaly
104.98748957464554,4.183268039572052,80.27645482500718,0.8629526858093739,1.4509869091916696,731.3163020128579,anomaly
105.08757297748124,6.432965718538259,80.24944181384849,0.8460820219363062,1.450134330125953,740.1054804656202,anomaly
105.18765638031694,3.3363131737541765,80.33882082180038,0.8265720948605209,1.4435291221178959,726.0947927693678,anomaly
105.28773978315263,6.883878272414682,80.28475463964642,0.8431854368328191,1.4497474575803901,726.6944961930163,anomaly
105.38782318598832,4.418186159819781,80.27151246951833,0.8366544067756058,1.4555029127641068,728.989112691892,anomaly
105.48790658882402,6.371972203304395,80.32112901985515,0.8379300864830219,1.4519435195470771,737.2823685878204,anomaly
105.58798999165973,3.411615842314732,80.34276437353736,0.8204859434413578,1.4324262790358533,725.194585031427,anomaly
105.68807339449542,7.092033558711606,80.37452640223101,0.8351716206924539,1.4577238378189685,718.9101065641663,anomaly
105.78815679733111,4.211944698743247,80.28245478824306,0.8249965426388313,1.4473815583023133,718.0547122212135,anomaly
105.8882402001668,6.59144471880432,80.43721799983331,0.842873030951541,1.427952935212103,728.2604342832662,anomaly
105.9883236030025,3.7076862463659053,80.42131906308362,0.8571430889124649,1.4458738658498906,729.0571687325635,anomaly
106.0884070058382,7.128558069338013,80.532625798207,0.8478807740780923,1.4321339339310524,728.7491837474294,anomaly
106.1884904086739,4.2863557320148775,80.47865434971365,0.8626355422392662,1.4419643614918856,730.9493357320147,anomaly
106.2885738115096,6.740411018105471,80.54476993529886,0.857534420634083,1.4360932670373254,733.3764398993816,anomaly
106.38865721434529,3.6327727497993214,80.67450455918083,0.8644427284793589,1.4502922030948047,729.1210945118569,anomaly
106.488740617181,7.251191052565118,80.55633895347248,0.8732521398508448,1.4529050567780712,731.4614011827636,anomaly
106.58882402001669,4.351463895796143,80.6445755166711,0.87055831511908,1.4409180656294298,724.9370023850562,anomaly
106.68890742285238,6.655603651184386,80.52745700883428,0.8653782630366637,1.437606408873931,729.040764241197,anomaly
106.78899082568807,3.621080563115516,80.57702823727405,0.8764950763642423,1.4472620541644474,735.1360473184375,anomaly
106.88907422852377,7.272579316592354,80.64982567538972,0.8501683694621218,1.4616737426032986,727.6004109080388,anomaly
106.98915763135948,4.35930108493055,80.70376167399661,0.8541556259519921,1.4562143298586845,727.6101082224734,anomaly
107.08924103419517,6.576747577483565,80.66158586871397,0.8518688048196343,1.4528802022763756,725.3437142171394,anomaly
107.18932443703086,3.750335895748715,80.66838993942909,0.8364099571878357,1.4546138815115033,721.9838695582248,anomaly
107.28940783986656,7.305940209900716,80.64687441047722,0.8341608018955343,1.4632919166821503,730.777005974804,anomaly
107.38949124270225,4.360995527666805,80.6832475127004,0.8239498298620578,1.4585503626792413,730.6030227593213,anomaly
107.48957464553796,6.709571956504494,80.78968850289925,0.8313256617713414,1.4383661765346327,730.3358018730639,anomaly
107.58965804837365,3.829743925860936,80.88170267519145,0.8299794844590636,1.4308752460332017,721.4743871642047,anomaly
107.68974145120934,7.551080567991265,80.6844765611573,0.8352764313958647,1.4455833166662124,730.1113161861691,anomaly
107.78982485404504,4.392373560628216,80.74290886322206,0.8472970752494016,1.4335774663372354,724.7916866066414,anomaly
107.88990825688073,6.720525844619226,80.80444100863575,0.8384730624876778,1.4517097808510069,728.981124922856,anomaly
107.98999165971644,3.7852670851250307,80.88774434725306,0.847028493730238,1.4653368862664606,713.6242708596842,anomaly
108.09007506255213,7.467877697764269,80.85725297553091,0.8436592148024711,1.4641745493899807,720.6061241699301,anomaly
108.19015846538782,4.588892312327204,80.82262667574369,0.8742020381069504,1.4626457469797167,735.5834631106975,anomaly
108.29024186822352,6.724791320426264,80.94792067700017,0.8737323427356223,1.4537943947335183,731.5001595912873,anomaly
108.39032527105923,3.9241045429927413,80.87873134822014,0.8807454379666243,1.4596227070215677,727.1122632755813,anomaly
108.49040867389492,7.769014598661875,80.95648213639545,0.877696609807176,1.438215376738511,719.9049868800092,anomaly
108.59049207673061,4.400093456919803,80.95381024166326,0.8653279967253052,1.4371562666602604,726.5525773727846,anomaly
108.6905754795663,6.7436047688447625,80.89738564053951,0.865603278219144,1.45997414587504,734.2517772974154,anomaly
108.790658882402,3.6955335018207034,80.96136603288002,0.8718274083674086,1.446020140125215,718.8924656833606,anomaly
108.8907422852377,7.690872926795078,81.12192649711905,0.8692958394564603,1.440941697256153,724.3093273489443,anomaly
108.9908256880734,4.657211624080347,81.02077152838535,0.8332878480626473,1.457072606432916,733.6499810847945,anomaly
109.0909090909091,6.7393603672728695,81.03033415962085,0.8362957915586838,1.449892905585809,731.6908762419763,anomaly
109.19099249374479,4.020661359527294,80.99232601800875,0.8365372978305983,1.4452308095721509,726.2095559781662,anomaly
109.29107589658048,7.535554468425837,80.99666239061092,0.85013238652316,1.4575258278421461,724.9363557687273,anomaly
109.39115929941619,4.554750529891866,81.06383417007028,0.8305828308003665,1.458975071934803,716.5161692824194,anomaly
109.49124270225188,6.850822268657717,81.13444212496742,0.834196496805704,1.4526722560638234,724.7347825235756,anomaly
109.59132610508757,4.096658208424495,81.20844007760728,0.8236104921018786,1.4496536041293255,734.5629507435283,anomaly
109.69140950792327,7.653389766452586,81.17756176673339,0.8358966961559745,1.4512181727485756,724.636208923314,anomaly
109.79149291075898,4.553743913574575,81.17179440182846,0.8457394599503598,1.4551798093685793,721.5224810367058,anomaly
109.89157631359467,6.9461349947462026,81.17805050224942,0.8508786381401428,1.439395426547893,731.2929254665756,anomaly
109.99165971643036,3.8932506344797,81.22605209132409,0.8475795611497009,1.456294262926993,725.1152404629032,anomaly
110.09174311926606,7.6313921197392105,81.26201762269501,0.8432444345718122,1.4231236091725148,730.8201149457637,anomaly
110.19182652210175,4.612836424959305,81.30820901600148,0.8818084576952464,1.4384129582092582,731.5243226690994,anomaly
110.29190992493746,6.775043460259952,81.23209330119842,0.8552816156749232,1.4390004610550193,729.6061151368831,anomaly
110.39199332777315,4.254857733245869,81.29999560151587,0.8650031566525066,1.4301188515175862,731.5926595271183,anomaly
110.49207673060884,7.750741636241863,81.2987917788254,0.8718307760629419,1.4632689996257247,723.8117946503608,anomaly
110.59216013344454,4.618737616093662,81.34601419147793,0.8712792831823867,1.4363201722508603,729.6309330458723,anomaly
110.69224353628023,6.816983003951225,81.46054116422417,0.8564701496623184,1.4686450595649465,739.8587973485013,anomaly
110.79232693911594,4.181056599077877,81.43159533423119,0.869835336740966,1.4532354380566535,725.9346914185304,anomaly
110.89241034195163,7.640612793680364,81.45507793717063,0.8522080050406695,1.4604281893695794,735.3186025081615,anomaly
110.99249374478732,4.917783854919319,81.42407583054093,0.8316075187124412,1.4536011138343465,722.8187463156138,anomaly
111.09257714762302,6.945520617912008,81.48016363994746,0.8677415098651182,1.442330697386981,718.3683938527245,anomaly
111.19266055045873,4.3324473752051675,81.43386958773803,0.84742904821413,1.4329188673585125,727.5712291699083,anomaly
111.29274395329442,7.843697811033822,81.43548903087417,0.8345754229846245,1.454222790965352,724.7977435651384,anomaly
111.39282735613011,4.6678290670185945,81.49133349654635,0.8360557180335229,1.4564596890975787,724.7512746620831,anomaly
111.4929107589658,6.93693858409402,81.5863454477919,0.8382784641031505,1.4587714333550743,729.4359210291461,anomaly
111.5929941618015,4.538440350592583,81.63405340195925,0.8262344525576917,1.4344124249538839,724.9834955445729,anomaly
111.6930775646372,7.625502398615939,81.59322102014193,0.831086794458112,1.4483534840614032,728.5462519765426,anomaly
111.7931609674729,4.83755388297571,81.52568551473738,0.8487040202278509,1.4689227179323683,719.603677799396,anomaly
111.8932443703086,6.8675321013689565,81.69983433612612,0.8525822905408957,1.4676312789997314,717.6546019938601,anomaly
111.99332777314429,4.377743286192476,81.61142127504873,0.8556821581433185,1.4531183604640527,727.4476361111049,anomaly
112.09341117597998,7.616408570508352,81.6513229943408,0.8542383582723923,1.4659094020434573,733.3300332153626,anomaly
112.19349457881569,4.965279787649592,81.66438136686831,0.8533730332511722,1.4419217773094242,724.6620050204255,anomaly
112.29357798165138,6.802319607377367,81.77621049038214,0.8780428304271376,1.4389033184127402,737.0077061892096,anomaly
112.39366138448707,4.655178850289579,81.7421985125178,0.8648092695425698,1.4485845736848635,726.2604499740662,anomaly
112.49374478732277,7.8668398988862895,81.73093057220085,0.876558489360626,1.4533029935375936,724.6718737474213,anomaly
112.59382819015848,5.034356306087129,81.76105783160685,0.8723093276564362,1.4665940217755105,730.0153105479785,anomaly
112.69391159299417,6.871334389662051,81.80714670784002,0.8689665124555103,1.4555889142205152,731.703025599131,anomaly
112.79399499582986,4.564543510638782,81.82746051920267,0.8723016397533871,1.4555197117387733,734.3071611258158,anomaly
112.89407839866556,7.820443443653716,81.87086695547985,0.8679629764489908,1.4592596982410235,729.1178026734059,anomaly
112.99416180150125,5.202349002081121,81.80007619226708,0.8579290993378051,1.4686471895377229,723.7580399107339,anomaly
113.09424520433696,6.945614730279452,81.85660674232781,0.8482959994891783,1.441501069288316,728.7558324439792,anomaly
113.19432860717265,4.914985684630305,81.99660033294067,0.827298971640987,1.4538417421579914,731.0069401452714,anomaly
113.29441201000834,7.734725668397462,81.97885987190745,0.8268925657523223,1.4591406155287148,723.5092271293812,anomaly
113.39449541284404,5.207021913029346,81.9620245683648,0.8550867314352439,1.4534264330545215,726.0998554941874,anomaly
113.49457881567973,6.93467653753032,81.90248594143536,0.8270057570651087,1.432106800917728,729.3038138476163,anomaly
113.59466221851544,5.06005292024159,81.95171333642965,0.8365518650801979,1.4317486763711393,724.8845164927583,anomaly
113.69474562135113,7.777028951627884,81.96878449883175,0.8296163082012867,1.4458973367787464,732.7942836756425,anomaly
113.79482902418682,5.263260948536743,82.04029602859076,0.8293347619496981,1.4434609601248762,730.0398479578694,anomaly
113.89491242702252,6.744118404348482,81.98762318061593,0.8227482951471533,1.448696424084393,726.20145013635,anomaly
113.99499582985821,5.043924350458801,81.95340588035889,0.8325738358159134,1.4602231505208036,726.1788258513491,anomaly
114.09507923269392,7.816764525125379,82.00645916191607,0.8419753160232346,1.4322567320376107,723.8978160431719,anomaly
114.19516263552961,5.418008613465237,82.08391534122353,0.8537673523128021,1.4555727300209902,720.3950795506711,anomaly
114.2952460383653,6.793832791636124,82.04409308986045,0.8541112969865924,1.4466096999562303,730.1272792341048,anomaly
114.395329441201,5.256422924078857,82.08002388106016,0.8797195938622042,1.4523004035282918,722.5927946555568,anomaly
114.49541284403671,7.883717272827779,82.13186083440844,0.8636424782052657,1.453227440383526,726.4034324874482,anomaly
114.5954962468724,5.6654865636436655,82.21940522510393,0.8746427910310636,1.445717016380178,726.4617191325549,anomaly
114.6955796497081,6.952984313714146,82.19164670747334,0.8718189117469742,1.4446788743505035,728.0922510389329,anomaly
114.79566305254379,5.299676301227345,82.21125553440297,0.8532168395516619,1.4390129222864698,725.7030504021265,anomaly
114.89574645537948,7.875700279162708,82.18283108069082,0.8576813435005285,1.4501225443440287,723.7824140402336,anomaly
114.99582985821519,5.545316132575669,82.19194995989184,0.848425848072817,1.447061114797915,729.3394987312454,anomaly
115.09591326105088,6.814937086226899,82.1980910937793,0.8398554579836447,1.4512044920910463,717.664154103918,anomaly
115.19599666388658,5.3360496192857365,82.2615335270755,0.8320099427985805,1.473442615342954,722.7075531350425,anomaly
115.29608006672227,7.770017196816185,82.31692751858314,0.8167327407690574,1.460375968039451,722.6710804199685,anomaly
115.39616346955796,5.829030640932073,82.2545214030603,0.8247269481416921,1.4406217479063435,725.3767483658931,anomaly
115.49624687239367,6.841119403350297,82.34253496886447,0.8279305321493212,1.4543904234720952,727.5963990237377,anomaly
115.59633027522936,5.553280881901552,82.35643956464217,0.82308210894148,1.4517880676719053,730.9042986563037,anomaly
115.69641367806506,7.776258352218422,82.44402295144238,0.8416179622079117,1.453940655090239,716.2286712351167,anomaly
115.79649708090075,6.0786233005063295,82.32257216182248,0.8410613391993412,1.4638906420720608,733.2622676241094,anomaly
115.89658048373646,6.795796554531334,82.45825226082984,0.838441693931759,1.4638602956826199,729.805197279358,anomaly
115.99666388657215,5.739899559019114,82.38527367197996,0.8413056059112204,1.4466441945797301,728.0079974112565,anomaly
116.09674728940784,7.666467218528313,82.46918792782895,0.8534310138277859,1.4390783801025697,732.8551741359742,anomaly
116.19683069224354,6.060916922380045,82.4124462347462,0.8640666413651159,1.4687805129233715,722.457393470015,anomaly
116.29691409507923,6.849747460115484,82.51761549522982,0.8707288236721995,1.463912219748007,724.0404616842266,anomaly
116.39699749791494,5.717215882481269,82.43348764896378,0.8845713321412766,1.4469596661125224,727.3747573526856,anomaly
116.49708090075063,7.794705097283015,82.54308202466247,0.8683410390752913,1.4574928521637187,718.1473683686248,anomaly
116.59716430358633,6.09906113930337,82.48220448273852,0.8837957565053758,1.4508444353277112,727.7357972235808,anomaly
116.69724770642202,6.909771157191432,82.52754289077173,0.856838224779018,1.4600121104153514,718.4706091234855,anomaly
116.79733110925771,5.991080620393596,82.50555016032224,0.8698241720869931,1.447900720857967,718.7558575699779,anomaly
116.89741451209342,7.800480417918067,82.57368926138284,0.8627711002758922,1.4595184763400357,722.9746716273582,anomaly
116.99749791492911,6.160855647757568,82.61135028831087,0.8356555186363432,1.4561425791002156,725.6786106935111,anomaly
117.0975813177648,6.621422444528335,82.65183799186111,0.8564190900406755,1.4399508353280621,717.6542218029442,anomaly
117.1976647206005,6.1399325331402075,82.62961362114464,0.8428212434620679,1.451642881924526,721.9872082727322,anomaly
117.29774812343621,7.678382635755277,82.65724308817339,0.8428639845410716,1.4438324742111732,711.9604601936367,anomaly
117.3978315262719,6.415025620785682,82.802259926453,0.8087111466081389,1.4514767286788215,724.6657536654245,anomaly
117.4979149291076,6.726550105560323,82.75861710902996,0.8330677450441571,1.4456613873329756,718.0614086753856,anomaly
117.59799833194329,6.126882442553251,82.8306845280625,0.8290867185195187,1.4729689751551676,732.4420935238128,anomaly
117.69808173477898,7.739101285262142,82.70314493674857,0.8330354627869703,1.4541688629196736,734.6005346248979,anomaly
117.79816513761469,6.323766665819989,82.7535149647343,0.8335107164596111,1.450303563492717,730.0549266077638,anomaly
117.89824854045038,6.743532648542959,82.77034773546845,0.8352504161720004,1.4555663074841347,727.6840742008883,anomaly
117.99833194328608,6.2051271025728365,82.81699745743535,0.8507927478550906,1.4580639336924808,721.0687876918529,anomaly
118.09841534612177,7.7916271960694194,82.82545325627073,0.8514113907926297,1.4485932531950283,734.7651828279458,anomaly
118.19849874895746,6.710945676053721,82.89669264505568,0.8623136419722255,1.4430442725658226,719.9190010088425,anomaly
118.29858215179317,6.71474919414387,82.78476156229037,0.8796772101673062,1.450500680523054,730.0947905319588,anomaly
118.39866555462886,6.4400776135772295,82.8766633071179,0.86434932476451,1.4292072499837907,719.3558520062792,anomaly
118.49874895746456,7.435317064285838,82.85792650004959,0.8514764038241504,1.4385416556013877,727.597355992588,anomaly
118.59883236030025,6.843892359926499,82.98245870993776,0.8674936216211224,1.4548465323933237,725.2575559911511,anomaly
118.69891576313594,6.6202391598244255,82.92408803030759,0.8639162858587678,1.4526250633189162,727.6723751745974,anomaly
118.79899916597165,6.674768689433764,83.02714123161354,0.8640696777898303,1.4490363367441308,729.2285006387499,anomaly
118.89908256880734,7.620594088243925,82.97287190728817,0.8643324576641124,1.4363019718228378,722.2118711545633,anomaly
118.99916597164304,6.743723827319748,82.96995897623809,0.8544373657068071,1.4657175243031355,720.5283269443512,anomaly
119.09924937447873,6.446358100572307,83.01825958433331,0.8226052538969741,1.4392912763328907,727.90917663323,anomaly
119.19933277731444,6.989525231391862,83.11482990474379,0.8452707900136651,1.461004185709051,719.7743624777988,anomaly
119.29941618015013,7.561199544840196,83.06085852814368,0.8232143563846583,1.449394562899683,722.5097148216399,anomaly
119.39949958298583,6.882282336338384,82.99567188678859,0.8271837329380909,1.454029267463848,728.3122852697917,anomaly
119.49958298582152,6.564084208067459,83.03112999651503,0.8164651783934584,1.4554618506803336,733.6475211801594,anomaly
119.59966638865721,7.007861403488872,83.18897409165956,0.8340463164197444,1.4555953693455776,733.0614560079738,anomaly
119.69974979149292,7.576006797347517,83.17148660534693,0.8228215266388765,1.4344342483727635,720.6992399463342,anomaly
119.79983319432861,7.184660681413497,83.08421794811721,0.8375808430805858,1.4297224220197433,733.2823445879623,anomaly
119.8999165971643,6.5671350786093345,83.22417809672265,0.8285231606290643,1.4601220449342829,724.3563640577594,anomaly
120.0,7.178292538705175,83.25978086585876,0.8523604974456006,1.4397574754677744,712.9740747814421,anomaly
