timestamp_offset,vibration,bearing_temp,flow_rate,head_pressure,rpm,label
0.0,1.9896983603993308,67.99956459904662,0.8578837893334998,1.4661270584302224,751.8988134559471,normal
0.10008340283569642,2.6014367700411385,67.84354616603137,0.8471096968383117,1.438990180219058,749.4613815084138,normal
0.20016680567139283,1.996857206813976,67.99010936453917,0.8575500744636082,1.450706016796295,747.2716025990347,normal
0.3002502085070893,1.551463330323135,67.95735990208381,0.854369034727088,1.444248166237813,750.841245347616,normal
0.40033361134278567,1.9216482041604594,67.9666685801156,0.8541286080599746,1.4388063493407346,750.5472866747614,normal
0.5004170141784821,2.417038757263181,68.08350499165653,0.869901054096265,1.4583161932920095,749.4636677145103,normal
0.6005004170141786,1.8100909116308754,67.99497209958709,0.8787551651477962,1.4685772752342496,750.8986077611589,normal
0.700583819849875,1.4525223950344561,68.06578958379276,0.8794031516431942,1.4331103401849803,749.1498826647144,normal
0.8006672226855713,2.0331839746033236,67.97829391492515,0.8738001230715534,1.463141318247734,748.1256560159102,normal
0.9007506255212677,2.4112428144619096,67.9601662689581,0.8430566337729779,1.4518282418162958,747.0871591699165,normal
1.0008340283569641,1.9583041323956714,67.94976669064845,0.8516703375750867,1.4243189518292305,752.73971563375,normal
1.1009174311926606,1.5385198666555138,68.09185329995027,0.8334566744209092,1.4724955798747508,751.4868623176378,normal
1.2010008340283571,2.0113072838402997,67.94171871826924,0.844668676850456,1.4456758490784285,746.7451669732234,normal
1.3010842368640534,2.4701245974003685,68.03358118546609,0.8335935842312998,1.4464975985546344,747.3427943227575,normal
1.40116763969975,2.0157821715937656,68.06202466077244,0.8347556110404758,1.4478361306535492,750.5663025249745,normal
1.5012510425354462,1.6049362475863713,68.03006297378107,0.8355551370991676,1.4465922713626207,749.8938099613105,normal
1.6013344453711427,2.1559978423219928,67.98366473760126,0.8351871902803804,1.4499016564708165,750.5580224785126,normal
1.7014178482068392,2.656585029059111,68.01270748943153,0.8154888479034892,1.4459542421007576,752.3122940311288,normal
1.8015012510425354,2.1829495260563188,67.89800808576162,0.831156086828256,1.4448496368326997,749.0677524649496,normal
1.901584653878232,1.2515056356740886,68.04420359039295,0.8342983947779223,1.4407327910589327,750.608958218904,normal
2.0016680567139282,1.7465009620493799,67.99913522654413,0.8545893320609982,1.4387751967817355,749.9970044946016,normal
2.1017514595496247,2.6051458458594134,68.0616465878837,0.8514209381189023,1.4590663072991377,752.2849056774031,normal
2.2018348623853212,1.997829751786125,67.98204411449531,0.8510586670382604,1.4678016817239052,749.437012143989,normal
2.3019182652210177,1.5837689282269023,68.09466170459442,0.87854063655499,1.4506113590761769,750.4667258842017,normal
2.4020016680567142,2.0398950664035205,67.96644149116871,0.8591337819682061,1.4548820243485536,749.2154731696124,normal
2.5020850708924103,2.337793678590011,68.02901103611767,0.8649683966729821,1.4626843020724272,750.5212449857052,normal
2.602168473728107,1.859145923545898,68.00052903477712,0.8715091467767727,1.4447303609849147,750.9510354460876,normal
2.7022518765638033,1.6390652629773181,67.9866878638368,0.8758613415494584,1.4608099487738375,750.1422773663242,normal
2.8023352793995,2.2253019983796833,68.03102172644998,0.8576561434134512,1.4702351583658593,750.2682005064036,normal
2.9024186822351963,2.5199284635394297,68.03168179842064,0.8420793570132906,1.4494168039927455,750.9344212796775,normal
3.0025020850708923,1.743229244212046,68.05560180250522,0.8562520061100132,1.4483854295823515,748.9909480830837,normal
3.102585487906589,1.5103474540463393,68.08751782831582,0.8514411441815944,1.44674160581657,748.6716443528246,normal
3.2026688907422853,2.0745466753787047,68.10368025185852,0.8370909545752467,1.4345341508176233,748.5741432763313,normal
3.302752293577982,2.449563765199739,67.93698680165043,0.8253003383456647,1.4338069207009028,748.7414496508412,normal
3.4028356964136783,1.994821739561335,68.1002242439906,0.82707105385312,1.4439173829892928,749.5997735226674,normal
3.5029190992493744,1.5295993838666622,68.07036173354209,0.8407672397121795,1.4589545976601948,751.1135229101405,normal
3.603002502085071,1.991251617407444,68.05821366684165,0.8360853103780382,1.4531714905660744,750.8064150625153,normal
3.7030859049207674,2.2759359725564705,68.19087999415736,0.8234678923632048,1.4545048852439735,751.241362010119,normal
3.803169307756464,1.7379474264918222,68.05155456853744,0.8225287466774924,1.4482954232534637,751.2585541019523,normal
3.9032527105921604,1.6055818656478262,68.08112318058716,0.8446887544218227,1.46250550552171,750.8233530370936,normal
4.0033361134278564,2.126063654280649,68.1815044073573,0.8311309142132636,1.4740299280833749,750.289602141531,normal
4.103419516263553,2.441690876476989,68.05497945333389,0.8482052051183412,1.4357574373649815,752.5110636621214,normal
4.2035029190992494,1.6801878287675043,68.03638308649674,0.8790221759817494,1.4435876880566856,750.7658255619465,normal
4.3035863219349455,1.476681545144517,68.06514516879525,0.869297931857969,1.4389955289078424,751.2904798396607,normal
4.4036697247706424,2.1502481161273064,68.16050192343114,0.8729013619437738,1.4623012781936557,749.2004129751075,normal
4.5037531276063385,2.49532912717364,68.04038583836375,0.8683988036363961,1.4549389429785797,748.9812892523851,normal
4.6038365304420354,1.9430206525852118,68.10149056788532,0.894805556807073,1.4275054654405084,750.1909612801476,normal
4.7039199332777315,1.3835203299003966,68.13275596554742,0.8657317193266808,1.4446837788276055,751.2226563616252,normal
4.8040033361134284,2.2050940268040105,68.032725564066,0.858171471049025,1.4641974024854214,748.6602828594645,normal
4.9040867389491245,2.4842257193810973,68.02688381333382,0.8735737480887399,1.4705088954424168,748.2305304216303,normal
5.004170141784821,1.880837855387803,68.0436837525804,0.8356835514154259,1.4591844834585355,752.6337323900565,normal
5.1042535446205175,1.563419433309997,68.05296423147776,0.8543287447750566,1.4655685618405705,750.0482961516077,normal
5.204336947456214,2.1692761578109008,67.9698798417749,0.845549050401267,1.4353503193727066,749.935390512522,normal
5.3044203502919105,2.415737720994776,68.02892298256516,0.8186657328969198,1.461870101680918,748.838152594423,normal
5.404503753127607,1.8785521929915305,68.01464979116001,0.8266317834234167,1.4405224641645635,750.2152060090049,normal
5.504587155963303,1.4394220077448763,68.12244641315634,0.8093501617814465,1.448081541767916,748.0162169430225,normal
5.604670558799,2.256375346217818,67.9937441365839,0.8335171899719781,1.4605677036759397,752.1223282387803,normal
5.704753961634696,2.283960373451803,68.02313907766093,0.8425077909496939,1.450950962197071,747.5473968925421,normal
5.804837364470393,1.7047115466116733,68.06436705013378,0.8306967910045646,1.4493125337140451,748.2372599834074,normal
5.904920767306089,1.4776530791389735,68.09376458235384,0.829463406906336,1.4498293319651836,747.8366223630333,normal
6.005004170141785,2.082705840609323,68.04945622512302,0.8586861352979753,1.4262440319488436,751.1568625811565,normal
6.105087572977482,2.5026443783015813,68.05897961611976,0.8605439596896308,1.4623528364707632,749.0825382782347,normal
6.205170975813178,1.8093993174438685,67.98862280152106,0.8784849879507072,1.425961284479653,750.2836784886497,normal
6.305254378648875,1.4876578307381876,68.12863859060326,0.8787245924406627,1.445982903132327,750.2691663951548,normal
6.405337781484571,2.3419108773756623,68.0423541780545,0.8498479600517852,1.4570405859788989,751.4458646507856,normal
6.505421184320267,2.416541329303324,68.08821952323835,0.8592634378974341,1.4547995935279645,750.4137145254012,normal
6.605504587155964,1.7933007977529336,68.10629857576511,0.877624709374501,1.4475279362158648,746.8591669506188,normal
6.70558798999166,1.4846918775163904,68.06184119438726,0.8531234665730737,1.4416116337658058,749.5587806259713,normal
6.805671392827357,2.213784580992859,68.09785752021672,0.8704019536509601,1.4519084045665311,752.8493179207077,normal
6.905754795663053,2.4281061052125614,68.05661185499036,0.864732379774712,1.4381427764425585,748.6921347846734,normal
7.005838198498749,1.4464013122665975,68.03506384682153,0.8358163338895033,1.4460762868719774,749.5216058816362,normal
7.105921601334446,1.4593838350383967,68.12867008111341,0.8391916939280477,1.4340384694380826,749.7227334826439,normal
7.206005004170142,2.4132096852714415,68.0687477185375,0.8368248054795868,1.4479076005724365,749.3027647437018,normal
7.306088407005839,2.1992613383783106,68.17428022262743,0.8305008141442977,1.4571112144711817,748.6454591889687,normal
7.406171809841535,1.793565661632488,68.08360942011156,0.8336761025328003,1.4626815701313645,749.5429602287171,normal
7.506255212677231,1.5492054464054943,68.08870903894744,0.8172029904185583,1.4654712810326869,749.713752795817,normal
7.606338615512928,2.1788589196276784,68.05161662902492,0.8260541161683551,1.437306858808003,747.3046251947817,normal
7.706422018348624,2.470618001246258,68.11248573187781,0.8394953153559042,1.4537137330871612,749.0250427615017,normal
7.806505421184321,1.7175506723144711,68.1053965916527,0.8610591391587624,1.4484001759021867,749.4168845176898,normal
7.906588824020017,1.6839310591398444,68.13755500269197,0.8467534290360029,1.444800077876097,750.5962601610356,normal
8.006672226855713,2.388645550481179,68.11402676379166,0.8714499539139965,1.4573981752914498,750.6235936860359,normal
8.10675562969141,2.4193319593307785,68.16875256516606,0.8520936526066956,1.4473791616902483,748.952333039353,normal
8.206839032527107,1.6501133385727507,68.05291237730486,0.879671156583577,1.446340997169346,750.0822207847597,normal
8.306922435362802,1.8174625170189198,68.0712218987411,0.8634353580079478,1.4599114446959502,748.7794185788969,normal
8.407005838198499,2.406724141075938,68.15134499421794,0.8738235390879372,1.4414929666699337,747.7933177771012,normal
8.507089241034196,2.3540389795340912,68.09563937669145,0.8691142322923311,1.4482613713890533,748.9001627246862,normal
8.607172643869891,1.9435872248617723,68.11349604179276,0.869887439541214,1.4504318833495657,747.0770272515448,normal
8.707256046705588,1.7303081047462618,68.02698151437107,0.8743550154749191,1.437468958826406,746.8217113501507,normal
8.807339449541285,2.269493808719469,68.05808655057105,0.8440241202077936,1.438896023256466,749.612560336036,normal
8.907422852376982,2.4679598645344987,68.03354110768866,0.8568828194693466,1.4440474258468092,747.6937732069613,normal
9.007506255212677,1.6999292653808824,68.09935509049542,0.8531948818133457,1.4514179216217629,750.6955990149829,normal
9.107589658048374,1.5376576448293322,68.15999611110885,0.8288664113725633,1.4347015895684823,751.8298002312796,normal
9.207673060884071,2.3584014427542703,68.12114762043113,0.8563085519679782,1.4493805445170413,751.0555129621024,normal
9.307756463719766,2.4217660473577833,68.09081820324008,0.8348062708944678,1.4627492240837539,750.0393002155525,normal
9.407839866555463,1.7006469810878722,68.16462569735734,0.8238944178296025,1.4522439805736551,749.8102613728436,normal
9.50792326939116,1.5872771268516854,68.06860105845259,0.8296546224186315,1.4658671347919725,748.3585497614407,normal
9.608006672226857,2.3155661686679623,68.10966122845555,0.8348194430162319,1.4542599130785905,749.2695480608503,normal
9.708090075062552,2.3705894816945303,68.14467088673041,0.8217724533794619,1.4478837877373318,749.4761118531384,normal
9.808173477898249,1.6817268953584352,68.10596585815736,0.8567881735892028,1.4673169474538612,751.3357380528864,normal
9.908256880733946,1.6455883215647151,68.09041704583463,0.8513449014139742,1.4466797712643713,750.9976035054633,normal
10.008340283569641,2.3782075597745003,68.05444342471908,0.8291905794524136,1.448684194820401,749.1200832029251,normal
10.108423686405338,2.406954557373469,68.0960413260053,0.8527588095412646,1.4596677996764633,750.0499303639855,normal
10.208507089241035,1.7621786714139114,68.10750315408005,0.8715566172604147,1.4629420084533353,747.9674356229278,normal
10.30859049207673,1.733591361624495,68.22544550971249,0.8807392365487194,1.4417563042839248,750.0759652000099,normal
10.408673894912427,2.466433377122483,68.13156394086346,0.8880129428989639,1.4310294418264813,748.7575760565767,normal
10.508757297748124,2.4109776407284746,68.12248153391673,0.8717026075645172,1.4341392805717417,746.8981960733329,normal
10.608840700583821,1.5760954041052484,68.16057657370804,0.8490864777007484,1.4546255391797016,751.1240997774066,normal
10.708924103419516,1.6931821475265822,68.2963169435854,0.8593779066422437,1.4407542026132512,749.291466752078,normal
10.809007506255213,2.3434998549209727,68.14688696517446,0.8498592525698911,1.461073363248185,748.7885827340448,normal
10.90909090909091,2.3895644073350804,68.18096370947553,0.8529770705339251,1.4446123568637947,749.1136556237677,normal
11.009174311926605,1.674109270181457,68.14244792900787,0.8471042378582794,1.4478242203454177,750.5803235754034,normal
11.109257714762302,1.5701532433174679,68.1582651966847,0.8499128572197766,1.4411564946741122,749.1884112188359,normal
11.209341117598,2.200356755888413,68.12227798611096,0.8472289359954632,1.4434893385121366,749.2477149935511,normal
11.309424520433694,2.465823699134575,68.0827718052761,0.8385654070669364,1.433821575729696,748.7905990129009,normal
11.409507923269391,1.4908612438396531,68.12205903417292,0.832517351490482,1.4298440720769099,749.5236065179123,normal
11.509591326105088,1.5131591538725488,68.1756544105661,0.8276722656153951,1.4424993360085285,749.9342463343635,normal
11.609674728940785,2.334153071774685,68.19699700971992,0.8222467887082503,1.4597164654701094,750.5411126895915,normal
11.70975813177648,2.4612595923832643,68.16849416010716,0.8267862177694589,1.4244707842091693,747.7372108329672,normal
11.809841534612177,1.4363307156492595,68.13708280862939,0.8367731642729042,1.4460469543739611,749.9914268788534,normal
11.909924937447874,1.8643775409059475,68.11075018020784,0.8403302373647152,1.4566381941733224,750.3037000362918,normal
12.01000834028357,2.25961048407542,68.17938436408825,0.8654366964178029,1.4413565170512517,749.6630381592121,normal
12.110091743119266,2.271744430539757,68.08430103072214,0.8432472833314067,1.4413041296619453,747.8054477176702,normal
12.210175145954963,1.7039819735668813,68.12810267301587,0.865221983648925,1.4456502439837573,750.1670225704241,normal
12.310258548790658,1.8219348617828144,68.11758456850298,0.8619331793690427,1.4530207851375743,753.3261043434351,normal
12.410341951626355,2.338082146505901,68.18352129790863,0.8676427273114021,1.4513009334714297,747.4066739820031,normal
12.510425354462052,2.2430064824716704,68.07252432189391,0.8809353394424406,1.4578917516321204,747.5702747894227,normal
12.61050875729775,1.716006721972592,68.2237202183093,0.864065751678326,1.445655610434614,749.104239063875,normal
12.710592160133444,1.655985582113733,68.09090058556664,0.8354108265763517,1.4490142747665902,752.4447559661015,normal
12.810675562969141,2.3780846644532097,68.09839077916735,0.8474109782842805,1.443660709562589,745.973103273636,normal
12.910758965804838,2.2698469111649096,68.18241224258422,0.8544921266088771,1.4464218526514325,750.3686351984542,normal
13.010842368640533,1.739112152796052,68.12204877347091,0.8559053158823321,1.4673280350851876,747.611443365551,normal
13.11092577147623,1.6309586682561754,68.15505106742543,0.832780061271391,1.449930787790831,748.7406912463008,normal
13.211009174311927,2.353301222339063,68.13892773681299,0.8418441822189561,1.4513212649219414,750.6761253598689,normal
13.311092577147624,2.1934685452032037,68.06519794104905,0.8378453674574255,1.460873342900978,752.2211990107351,normal
13.41117597998332,1.4928553474713686,68.05381080576088,0.8369147635403541,1.4454802914018605,750.5028817120492,normal
13.511259382819016,1.776449789005976,68.17409190837355,0.8296976801064521,1.4491165529916834,749.1560717647391,normal
13.611342785654713,2.278579278229643,68.11705790749124,0.8202987693436856,1.445285676963641,751.3625079348286,normal
13.711426188490409,2.1469042813620725,68.1658617470245,0.8469682270526094,1.4439727594695988,749.8011977325984,normal
13.811509591326105,1.473958975852806,68.21978299427711,0.8371595612904167,1.4527119200270906,748.5319533386505,normal
13.911592994161802,1.8623053359582886,68.21514390298461,0.8527995653480905,1.4642993535023876,750.8493433284607,normal
14.011676396997498,2.5495923793387187,68.14263095778517,0.8564792059403756,1.4442041132505419,748.6166306962465,normal
14.111759799833195,2.1763213910864447,68.1081646654935,0.839380630783174,1.4559674233076927,751.1110109921748,normal
14.211843202668891,1.5884546193469282,68.13617393056549,0.8647720088184718,1.4456730725638336,748.13005809651,normal
14.311926605504588,1.5790982713375603,68.1363274750025,0.8544264177392844,1.4623669566176916,748.6713364417461,normal
14.412010008340284,2.514329170973517,68.18236128606866,0.851665270654587,1.4404124672968124,749.7198739203044,normal
14.51209341117598,2.3424294450628382,68.1616899948525,0.8767022047753198,1.4570308855023852,748.3400285675966,normal
14.612176814011677,1.5304606360758248,68.1859657404867,0.8688572260798294,1.455468737174478,746.9781519971758,normal
14.712260216847373,1.5592704891387141,68.22356805197765,0.8855695328362164,1.4599726503606134,747.5651857528926,normal
14.81234361968307,2.464298602997543,68.16899492502014,0.8593845449369121,1.4367690124186907,747.2882070684278,normal
14.912427022518767,2.3010748187254757,68.18195582607343,0.8623305038178931,1.4525179342616903,748.9986393844036,normal
15.012510425354462,1.682434601200256,68.23422714591746,0.849678581877422,1.449434642180443,751.7924168001758,normal
15.112593828190159,1.5840360742796402,68.17654181825407,0.8363285518323286,1.450399543702045,748.2496112511561,normal
15.212677231025856,2.4608071373466873,68.0554591601548,0.8332900483831516,1.4541115795447053,747.7904867364609,normal
15.312760633861553,2.374082050276823,68.18222523642163,0.8288214329716187,1.4691377135641772,748.8715747416705,normal
15.412844036697248,1.668966350332537,68.19209945484681,0.8199563274986628,1.4449726164996226,749.7271146296326,normal
15.512927439532945,1.6748980268639482,68.19367778961366,0.8339913349458187,1.465031989766919,749.5397971974805,normal
15.613010842368642,2.623124794562665,68.24737471236656,0.8131479224760645,1.4646947816472857,749.1426040574203,normal
15.713094245204337,2.1838199450580644,68.20061100965172,0.8247244529377235,1.453079178574569,749.698937779615,normal
15.813177648040034,1.659788863972268,68.11086602455933,0.8435895270753992,1.4456810145743575,749.1972531405947,normal
15.91326105087573,1.7525063144007509,68.17644246919313,0.8475582860390883,1.4401007250359108,747.482044473105,normal
16.013344453711426,2.5978450522824508,68.14069621597703,0.8454146853899855,1.4454719754298277,751.8962888020043,normal
16.113427856547123,2.3435428012576858,68.18131563097327,0.8778218265416216,1.446688778327211,749.4157865691545,normal
16.21351125938282,1.5215000491099522,68.11317149060874,0.8617025618204667,1.4486489430316427,749.5211526923728,normal
16.313594662218517,1.8549927145835108,68.23602967125183,0.8594701547802643,1.4432178590621991,748.5080991169067,normal
16.413678065054214,2.536478219209984,68.21264772670624,0.8748243620810958,1.4447663429548023,750.1611047246132,normal
16.51376146788991,2.2810887427907875,68.18318301487345,0.866419255673769,1.46278637687135,750.3938674131659,normal
16.613844870725604,1.4399969690312708,68.08530442849121,0.8582931032615995,1.4531913935550496,752.0343244479883,normal
16.7139282735613,1.6507366216192456,68.2323924720404,0.8607742932950062,1.470184414713575,750.2701776274469,normal
16.814011676396998,2.276469957319474,68.04236696876643,0.8606466529204059,1.4325021353760816,749.0262957047706,normal
16.914095079232695,2.3474217571702027,68.1793701320572,0.8350357087281113,1.433400257648585,751.0615844237805,normal
17.01417848206839,1.6097653137499983,68.092082714625,0.8407991554795481,1.4513914237776422,752.427063591303,normal
17.11426188490409,1.6792156980084019,68.0638600599836,0.8558286959291258,1.4467114694863514,749.3002949423943,normal
17.214345287739782,2.550407926472353,68.17628313397965,0.835806544005218,1.443613054112359,751.3559484884504,normal
17.31442869057548,2.1810195246040234,68.13518747587892,0.8446868104713245,1.460275724074191,751.6640740856177,normal
17.414512093411176,1.5470502616769815,68.15812340801969,0.8345429039266492,1.4385432312771247,751.4188682370705,normal
17.514595496246873,1.8090251484386384,68.15468164219568,0.8213388147849225,1.4378744866150812,749.8619024884082,normal
17.61467889908257,2.5049891586720654,68.17271390415222,0.8423647484253275,1.4391989330532458,749.9661503136473,normal
17.714762301918267,2.1494599530884653,68.20773525847018,0.8579299325235353,1.4404733585137428,749.1631554313637,normal
17.814845704753964,1.4817829674778666,68.15890774575037,0.8422841243859275,1.4593451220070177,753.3319040726426,normal
17.914929107589657,1.814881009920664,68.18747923162064,0.8476664639090188,1.446001224706117,750.3414008030917,normal
18.015012510425354,2.3063457680252504,68.25733856422201,0.8542142016403027,1.4467324868982883,747.5537901300177,normal
18.11509591326105,2.249654253342417,68.16684482013923,0.8486309166304596,1.4476082686942533,751.3145046530276,normal
18.215179316096748,1.3454365994291944,68.08258466701326,0.86307856479035,1.4585476448968304,748.1427185622596,normal
18.315262718932445,1.8513685719563027,68.18906215525266,0.8600937043541942,1.45900344028139,751.8087973354669,normal
18.415346121768142,2.3673584507770915,68.17199145844467,0.8752153939773799,1.4469009364478953,752.1828861387693,normal
18.51542952460384,2.273591232562748,68.22235820740138,0.8733902903171067,1.4371652146471035,749.5230589314958,normal
18.615512927439532,1.4583368201286973,68.21459281875006,0.8645554013017629,1.4659335462298104,750.9824068486466,normal
18.71559633027523,1.7057652126350455,68.10775566645007,0.8395995229506527,1.442185092633041,750.6340772222942,normal
18.815679733110926,2.557999629912494,68.10328857105058,0.8621855049206318,1.4462443592158272,749.2615659208676,normal
18.915763135946623,2.0214292760407044,68.21349080174649,0.8608729358311696,1.4400466684320512,751.1440134421068,normal
19.01584653878232,1.3174310233975857,68.18185665806855,0.8413666859488812,1.4494786504138413,750.1439917443023,normal
19.115929941618017,1.8177473821964691,68.29612425189751,0.8419251369371048,1.4440294799807047,751.2517496037776,normal
19.216013344453714,2.403370589656591,68.24071396546952,0.8432665132792233,1.447143063434619,750.5277750162214,normal
19.316096747289407,2.180250741869969,68.17839745114146,0.8342458886473118,1.4532879424671952,749.2635244820949,normal
19.416180150125104,1.4182647507784916,68.16928298222761,0.8321824850000493,1.441195155907249,749.7687783024818,normal
19.5162635529608,1.7240163834989342,68.18245783928913,0.8299304906968854,1.4550123572610199,750.8573972850434,normal
19.616346955796498,2.389660846416439,68.13964736803617,0.8395923411222109,1.435636009694302,750.6641454015833,normal
19.716430358632195,2.0409662734746727,68.26025173734392,0.8510681911475892,1.4574288458825926,750.457842378526,normal
19.816513761467892,1.533156119000099,68.15966019101788,0.8341418589979248,1.4340461703526337,750.1718559592349,normal
19.916597164303585,1.956343785441197,68.29448142681848,0.8481951935413637,1.462341072247085,751.627347911722,normal
20.016680567139282,2.539585267726681,68.29024891790837,0.8555119762106552,1.4547369741376455,747.0071916144345,normal
20.11676396997498,2.0671729491695747,68.20626286365226,0.8681946683909966,1.4530894508479408,750.8935875361383,normal
20.216847372810676,1.3909148605078452,68.1438239361938,0.8536220723469049,1.4628461353928395,747.3740456307821,normal
20.316930775646373,1.7597943765102557,68.22969587735165,0.8732257971045229,1.4442669364618224,751.9208091805837,normal
20.41701417848207,2.583537493824627,68.16184141001415,0.873530666685475,1.4439171651965177,749.1109007662442,normal
20.517097581317767,2.082603664255972,68.30572953988921,0.8713681590771039,1.4400082178322149,749.8224353474544,normal
20.61718098415346,1.4937576292182082,68.19740867371738,0.888071642171179,1.4562789598549906,748.6189297774783,normal
20.717264386989157,1.8629114574829804,68.19372577854904,0.856223370855383,1.4486966625228634,749.4212698063651,normal
20.817347789824854,2.4449279288999257,68.24691143668552,0.8517808456977162,1.445447008366542,749.765162946668,normal
20.91743119266055,2.2200581554218064,68.15483184113725,0.8540856288283012,1.4503003620006718,751.7931425075485,normal
21.017514595496248,1.4777786335823946,68.19689703252615,0.8554065771238446,1.454409530767859,750.0866183721972,normal
21.117597998331945,1.873909633901266,68.25375692873206,0.8380512016487432,1.4409240776778827,753.5194678836102,normal
21.217681401167642,2.4041509732745654,68.23270020684166,0.8405356977583291,1.445576413825332,749.9740904748733,normal
21.317764804003335,2.1245959882610927,68.13273553454506,0.8338467511200007,1.455543929310568,752.127977537511,normal
21.417848206839032,1.5227573627506752,68.10739618534652,0.8218455096667261,1.4552854569258995,750.8282206675392,normal
21.51793160967473,2.018841199296011,68.25912605482681,0.8356973216626815,1.4552470708791079,748.781770344319,normal
21.618015012510426,2.643352315028213,68.23671309216938,0.8388694063979715,1.4521836574028668,750.202990927959,normal
21.718098415346123,1.995904075841606,68.14758567123462,0.8519615632290352,1.4498278906042394,750.0338936493442,normal
21.81818181818182,1.664373026634121,68.19558463505774,0.8522894400855363,1.4573085230238685,750.5083892789617,normal
21.918265221017514,2.0211318540626277,68.20949549111465,0.8319432454365029,1.4524659447066388,754.5288353959367,normal
22.01834862385321,2.429552875060312,68.12176499218432,0.8400407858883554,1.4545927163495016,747.7614569177218,normal
22.118432026688907,1.956314620329,68.17345595267862,0.8438257099735721,1.4488362913586952,753.3566588484622,normal
22.218515429524604,1.4954685626314232,68.28418978935956,0.8754394944333984,1.4506109062343588,749.6171422306371,normal
22.3185988323603,2.165966957873994,68.1767059961667,0.8846331448628612,1.4364241384383551,748.8066141342169,normal
22.418682235196,2.567211631255593,68.15444620946715,0.8712682277597859,1.4522493601604072,749.8694555421177,normal
22.518765638031695,2.131133089768325,68.21516683819722,0.8837674934100471,1.4583990582790713,750.3018459601132,normal
22.61884904086739,1.2987485333677857,68.17465137527498,0.8628593527836881,1.4411300986202065,745.4357218457476,normal
22.718932443703086,2.107321951908833,68.31180178243855,0.87718462375696,1.46316041127959,749.9549519772103,normal
22.819015846538782,2.293213097119365,68.20643058479614,0.8678490672097358,1.4432043998491422,749.2929880821898,normal
22.91909924937448,1.8373264229291526,68.19814533520136,0.8476245010082989,1.429621019504533,750.7443214925812,normal
23.019182652210176,1.5781239790499877,68.19161511421177,0.8454675994664522,1.4454354910843301,750.2884853012185,normal
23.119266055045873,1.9585074110133687,68.14540768642358,0.8477709654409147,1.4335908903496695,750.5074786346051,normal
23.21934945788157,2.5508373829111064,68.23416046197102,0.8275584093291163,1.4467707463031525,750.0058385180748,normal
23.319432860717264,1.865742828679374,68.18091654473264,0.8425836460240848,1.4346629767464432,751.335933105363,normal
23.41951626355296,1.6915521762015147,68.18120370217608,0.8274677112216973,1.4564798844093765,751.1678109880311,normal
23.519599666388658,1.875901676659574,68.03801037997646,0.8276944449156511,1.4481129688521897,751.7254367338477,normal
23.619683069224354,2.480588923697975,68.21657524434599,0.8047817355922747,1.4468510667856918,752.2160502042025,normal
23.71976647206005,2.0670569880297642,68.26512765023568,0.8589052372981477,1.4338705351692798,751.2483218695037,normal
23.81984987489575,1.4367151504284694,68.22320566262556,0.8342961765806652,1.4583849416766115,750.2646941868301,normal
23.919933277731445,1.9319186342099202,68.15760722228302,0.8546346894472366,1.4476503568643802,748.594534732453,normal
24.02001668056714,2.447015950554214,68.22731268975,0.8316586559000098,1.456324166329386,750.5382828415719,normal
24.120100083402836,1.9848509257366576,68.17528273884628,0.8486479144908708,1.4486565786795396,751.30120137636,normal
24.220183486238533,1.5063898103338085,68.08095171903284,0.8294658525591802,1.4507125865708768,748.8046060015032,normal
24.32026688907423,2.1116590856896456,68.16136277927463,0.8814023255674459,1.4485457790352803,751.2191729204474,normal
24.420350291909926,2.364736283087056,68.09944508263857,0.8748229184842472,1.4525862534494798,748.1801713492367,normal
24.520433694745623,2.1438708519587575,68.27260939340952,0.8472732562787495,1.4427962681564654,752.6401483557929,normal
24.620517097581317,1.4969520592057453,68.29446012629177,0.8632325943655297,1.4488386040538404,749.3735658999874,normal
24.720600500417014,2.175208266164334,68.13667231679459,0.8451807317478706,1.4508833167316202,750.7385065048032,normal
24.82068390325271,2.421336296252243,68.2290842200703,0.8478619841945155,1.4325172187530173,755.071159282029,normal
24.920767306088408,1.9660092652932712,68.14740104435164,0.8588649917119192,1.447927182538085,749.7134869636075,normal
25.020850708924105,1.4673193481554554,68.16159157327105,0.8550982636430541,1.4681574862981868,749.3710485163324,normal
25.1209341117598,1.8840814813239568,68.21543398823177,0.8470382550021315,1.452639684795934,747.8200603092868,normal
25.2210175145955,2.61117580382757,68.10836071915146,0.8394877057791984,1.436589372668714,747.2246654737165,normal
25.321100917431192,2.047937838745527,68.20518967251807,0.8295604758887956,1.4673670927376117,750.1478898284593,normal
25.42118432026689,1.470181748349482,68.21517071849237,0.8375762735895754,1.455646685775523,750.9340408923449,normal
25.521267723102586,2.0555616146555598,68.19511469945381,0.8188792894627125,1.4546854565479481,749.8076345345397,normal
25.621351125938283,2.488302924625799,68.17217216178295,0.8319363306199248,1.4427780397946068,749.589927645121,normal
25.72143452877398,1.7319148504228978,68.2218352963671,0.8370373774507694,1.466319414845581,750.0704212251691,normal
25.821517931609677,1.3957566571696267,68.10193322364437,0.8702347314970318,1.4612426287418703,749.7331098363919,normal
25.921601334445374,2.142409325961642,68.16424766799906,0.8489707942622092,1.4283140804960166,749.7918273630577,normal
26.021684737281067,2.4393875092875277,68.20504139829303,0.8447162880011266,1.4541979696053058,749.1907281408751,normal
26.121768140116764,1.858775935791853,68.24249926371958,0.8560309135621056,1.4627200904263935,748.3893747571638,normal
26.22185154295246,1.429250210441626,68.13384282644242,0.871975856910494,1.4403799021708603,750.4515554771557,normal
26.321934945788158,1.9588028495899823,68.18621645102608,0.8621788598660298,1.4472118063810229,748.9146777158735,normal
26.422018348623855,2.4100004195221194,68.13228791238514,0.8559493909207919,1.4504252408851812,749.4833342732699,normal
26.52210175145955,1.7796055590871327,68.24512654040774,0.8864903791682188,1.4338503066829762,749.5808763728005,normal
26.62218515429525,1.547414250879053,68.12389875692999,0.8670551334612707,1.443898903067666,749.142163271957,normal
26.722268557130942,2.0134433863606307,68.15561864707328,0.8689246422139439,1.4377094495038096,749.616297701458,normal
26.82235195996664,2.49274287303724,68.18297331132877,0.8694631294836094,1.4669032421558745,748.7244157669941,normal
26.922435362802336,2.0086233744414868,68.27659980408363,0.848116525011073,1.4672094276938188,747.836187588693,normal
27.022518765638033,1.580776158175345,68.15787645798657,0.8587884789742588,1.4524373284936962,750.491203663125,normal
27.12260216847373,2.0372936496996252,68.24016701261252,0.8519583881662947,1.4477255626657781,751.9031787209119,normal
27.222685571309427,2.5256077957836407,68.19192148831307,0.8389970303844189,1.4706175632593703,749.2880218394996,normal
27.32276897414512,1.9425692471052296,68.21560861917187,0.8399567481750783,1.4444258133814178,746.6138122966541,normal
27.422852376980817,1.4900605231243866,68.25354921938224,0.83023582427995,1.4547630806243443,751.8425252075704,normal
27.522935779816514,2.0828833249109953,68.10090320163708,0.8258619296554071,1.4468790504058944,751.8046817634322,normal
27.62301918265221,2.3146530633891778,68.22709875914597,0.8381947707325855,1.455979049918241,750.2119241888969,normal
27.723102585487908,1.9818816302163291,68.19827310151042,0.8361026980439366,1.4497106265083488,748.139840942069,normal
27.823185988323605,1.596739233066655,68.26505780456431,0.8459170592187965,1.4346657757730314,751.0572933253867,normal
27.9232693911593,2.1272688288021833,68.166355144441,0.841956401496648,1.432443096412773,748.729199471247,normal
28.023352793994995,2.42865638733071,68.19809306687813,0.8429126272809068,1.4586184339969963,749.9940574525754,normal
28.123436196830692,2.1434876860709937,68.2601348693697,0.8656285014066967,1.4437685219675371,747.744133142884,normal
28.22351959966639,1.6319433200087983,68.17162811688227,0.8758306696076394,1.455761026191371,747.2580324201361,normal
28.323603002502086,2.0190924106148778,68.1096259807485,0.8767361156851025,1.4529598123857501,749.6247968012482,normal
28.423686405337783,2.7071382098123467,68.29007014949076,0.8528558002505259,1.4542253895730988,750.1986022132638,normal
28.52376980817348,1.6739727382565213,68.27742574658605,0.8609474534659859,1.4683377427819815,751.4074529983535,normal
28.623853211009177,1.3784226758447242,68.13045096072777,0.8716181034015539,1.4546781034769312,749.546874375153,normal
28.72393661384487,2.031744855042411,68.25516729185495,0.8540959266687509,1.4531343301421595,749.897754931389,normal
28.824020016680567,2.58409836723153,68.20912059165663,0.8630639948696042,1.4581880977544912,752.5963002469997,normal
28.924103419516264,1.880042379612803,68.20977612910079,0.8479652999685371,1.4492031545787634,750.2786706606312,normal
29.02418682235196,1.548990585107383,68.16014794065299,0.8579572265731124,1.450922247106943,747.6985777036838,normal
29.124270225187658,2.059394561151101,68.20932014763433,0.8433254626839309,1.4394260779738912,750.6918812305867,normal
29.224353628023355,2.3920367936016946,68.1499779963569,0.8272513524122601,1.430781323623132,750.6313298181947,normal
29.324437030859052,1.790058276167368,68.16372846133646,0.8281404693273426,1.4428564008197444,749.914234945481,normal
29.424520433694745,1.8320052861683758,68.18141562429038,0.841016032194357,1.4519881294890291,748.3021966899937,normal
29.524603836530442,2.0996960469030714,68.20999167495461,0.821079275860813,1.45460336886532,748.296602711424,normal
29.62468723936614,2.487999225895969,68.18642891660942,0.8262397329566078,1.4589237413246068,751.3177503477873,normal
29.724770642201836,1.803944098875319,68.20296548396395,0.8422879873239713,1.4360625858967502,749.831005195967,normal
29.824854045037533,1.613238069903771,68.09387265491728,0.8513605402610381,1.44809490162758,748.6954487726307,normal
29.92493744787323,2.336251948197709,68.20660784687375,0.8411468400280816,1.448374042360865,752.9300042991239,normal
30.025020850708923,2.4538843527815235,68.20516297280915,0.8588310996094405,1.4612041203424706,750.4920320425449,normal
30.12510425354462,1.9157194021349502,68.15885100749327,0.8540538292048951,1.4607875873106768,749.189772578368,normal
30.225187656380317,1.6232524570246334,68.21367244629921,0.8475032920614637,1.4499045387394645,751.0264647362384,normal
30.325271059216014,2.2513120036649723,68.20484099515299,0.8831950099498367,1.4419596656410063,749.1287305922722,normal
30.42535446205171,2.565164287311835,68.11945002783412,0.8726724794315577,1.434054624257222,753.3052900336968,normal
30.525437864887408,1.8600810955451572,68.20140876050995,0.8757090613716868,1.4374949086389452,751.1748913583666,normal
30.625521267723105,1.4880341359741764,68.11781036221146,0.8716815475839736,1.4535264285334901,751.1632520637677,normal
30.7256046705588,2.3493197407390056,68.18790898872199,0.8540571578673782,1.459295015793391,750.3142794584928,normal
30.825688073394495,2.471422401341695,68.125136576593,0.8719298175970441,1.445280555515066,749.3720395506848,normal
30.925771476230192,1.9812534659493068,68.27629630475427,0.8642467591685773,1.433202115176476,749.7448381913854,normal
31.02585487906589,1.5462096302523507,68.12298841309679,0.8592607409044785,1.4466766329693421,746.905672339793,normal
31.125938281901586,2.385707968749123,68.15140511578826,0.8418195282984395,1.4607969446909033,751.0956786259014,normal
31.226021684737283,2.3773742921047174,68.13886648856142,0.8473124690379027,1.44517888514846,748.7494461229624,normal
31.32610508757298,1.8763822949926283,68.1885840189802,0.8288170971050678,1.4472477113145321,749.7270344392745,normal
31.426188490408673,1.494576892508729,68.16717807038185,0.8244262226938933,1.430896244268399,748.6348403451224,normal
31.52627189324437,2.297154462216844,68.12287099042695,0.8215443227359085,1.4406917129143644,751.3395175744251,normal
31.626355296080067,2.2490780079089774,68.13331528016799,0.8186994834617538,1.4539697632769513,748.1116787075326,normal
31.726438698915764,1.6966129453498868,68.14777714959597,0.8427388933672435,1.4290460983207955,748.0845656241885,normal
31.82652210175146,1.5968462362084206,68.2243123328377,0.8439921110389215,1.4379506982980614,750.7884658684225,normal
31.926605504587158,2.385940446194218,68.25707298875777,0.8496291789086355,1.4468951987436225,748.9600214647331,normal
32.02668890742285,2.555684961288424,68.13985922351058,0.8475540918593454,1.462402347011648,749.0422841654334,normal
32.12677231025855,1.791665780456602,68.22372036779865,0.8479223146619507,1.4531436721994984,749.153617871658,normal
32.226855713094245,1.7776673288643177,68.07768429553094,0.8632752716501325,1.4580906916369047,750.5283924018125,normal
32.326939115929946,2.211522703818704,68.13272675378795,0.8610492821786963,1.476298795615911,750.4061876343994,normal
32.42702251876564,2.5752020382849152,68.18724086401494,0.8776852633352865,1.4675542747555645,749.6384861619363,normal
32.52710592160133,1.7868605948897505,68.18926053491363,0.8702941078742785,1.4452540507673342,748.9118778914803,normal
32.62718932443703,1.5942742121265463,68.16621677807795,0.8776752263935262,1.4360556859924078,748.2796738869283,normal
32.72727272727273,2.336667829294684,68.16337169139001,0.8708774871864049,1.4403219182152032,748.3063144179807,normal
32.82735613010843,2.4618650125311667,68.23478895050121,0.8485595526415098,1.4491322489372742,751.895060128882,normal
32.92743953294412,1.6759559136505466,68.10495938521943,0.8457135399215094,1.4565360472908437,745.3442845107425,normal
33.02752293577982,1.582081047481136,68.23404909696329,0.8605403260062385,1.46347208664327,749.9225792699226,normal
33.127606338615514,2.4159707356851206,68.1839191788749,0.8572774772479885,1.444602635441958,747.8720863118634,normal
33.22768974145121,2.330777824917502,68.2437788140099,0.8234979854983561,1.4708740493821377,750.2578327495659,normal
33.32777314428691,1.4584721057696388,68.18292136600023,0.822899101765201,1.4424074503659667,747.7584961788775,normal
33.4278565471226,1.5984539526969372,68.14374283103179,0.819384801227837,1.4517454233745752,748.4502757680423,normal
33.5279399499583,2.3416854171035024,68.20356205853487,0.8229375649157531,1.4547600633911346,749.7576157894794,normal
33.628023352793996,2.2863613665743037,68.1853924699334,0.8143558260233191,1.445912338058141,751.3695168807704,normal
33.72810675562969,1.6077583616159714,68.19966568993732,0.8208405819283877,1.4499589210092836,750.308754136112,normal
33.82819015846539,1.519942492264998,68.22453512018863,0.8639514300969685,1.43414533784017,749.14555848781,normal
33.92827356130108,2.238317322781112,68.21123500331649,0.8531463203365377,1.4377366700950593,749.6712306624481,normal
34.02835696413678,2.3323965641430973,68.23299421166433,0.844842184273664,1.4531866643920002,749.7298293735902,normal
34.12844036697248,1.6197281959637442,68.19721198178549,0.8514430429448733,1.4529179539198775,750.1967751389362,normal
34.22852376980818,1.6360287804979177,68.2351587392063,0.863490337574433,1.437389731423726,749.6466139995291,normal
34.32860717264387,2.1478884929985855,68.06167441459297,0.869662499998078,1.4413447210557582,749.9270305723879,normal
34.428690575479564,2.5399260872061,68.17936350075604,0.8739848254044625,1.4555438417318347,749.2256350156828,normal
34.528773978315265,1.6491286515108023,68.11591182246133,0.8647812113633321,1.4545528420311538,747.8160081427361,normal
34.62885738115096,1.6421497796910092,68.27855992747793,0.8696633394663146,1.4439633874388813,748.9960105946109,normal
34.72894078398666,2.2036479362110724,68.16461287138885,0.875292202489534,1.45467203223225,750.6316472167539,normal
34.82902418682235,2.3915308110151354,68.11648987152248,0.8725837079100502,1.4589424965351803,747.3009529824564,normal
34.92910758965805,1.892300652703214,68.13129149798098,0.8420577540255896,1.4585266908436891,753.065847557041,normal
35.029190992493746,1.8318564708142735,68.15243272963875,0.8546062085985823,1.4534485248184468,748.9269169727074,normal
35.12927439532944,2.33187492552018,68.116211034617,0.8387403133128172,1.4487080701314372,751.3532863389465,normal
35.22935779816514,2.4941361962669952,68.10866765496195,0.8202531331896356,1.4404825603607059,752.0216012227777,normal
35.32944120100083,1.6932628171146038,68.0517250518759,0.8300234337874065,1.4460165619846,750.2590529938287,normal
35.42952460383653,1.612390302280458,68.20962241342268,0.8296474560919449,1.4552122925991098,751.7101978918057,normal
35.52960800667223,2.4792929688319396,68.24780232118403,0.8255085122959364,1.4613003994277398,751.0067662362109,normal
35.62969140950793,2.308910094776261,68.11782463634292,0.8201954296516666,1.4501037990869918,751.7285207753864,normal
35.72977481234362,1.7009489902389456,68.20022485397806,0.8222661496748397,1.452362775500049,752.840154397243,normal
35.829858215179314,1.649050188959947,68.15122525119133,0.8310150797821756,1.4444324367813404,750.1536402354257,normal
35.929941618015015,2.470317030684343,68.16047528592213,0.8442429073656849,1.4485907827867617,750.2192189526628,normal
36.03002502085071,2.4192690484198827,68.20085483512882,0.8608514632047565,1.4395224470517787,750.706587385675,normal
36.13010842368641,1.7151870912410394,68.05300379564605,0.8575129582254049,1.451695925302231,751.0510622683291,normal
36.2301918265221,1.4105807494095814,68.1680490513485,0.8588905226841114,1.4471321254331535,747.9583831306869,normal
36.3302752293578,2.625083788304405,68.20331033343278,0.872214997334524,1.4514436830851072,751.3532799998918,normal
36.430358632193496,2.34380642721156,68.1000136845708,0.88114661165913,1.4344238086411807,749.4728779180526,normal
36.53044203502919,1.6670197812844156,68.05747074633882,0.8698254111175774,1.464264244050796,749.6519468680979,normal
36.63052543786489,1.5363066511062382,68.12762942264392,0.8720847977899558,1.4347050879622807,747.5693039955015,normal
36.73060884070058,2.5584313542157946,68.17075060459143,0.8789458243945522,1.4402993214528312,749.1507727097593,normal
36.830692243536284,2.310664490432501,68.16386653345583,0.8655037895803253,1.4450813392168738,747.8998890726999,normal
36.93077564637198,1.5220125184481983,68.1708520130937,0.8652950282624693,1.4633359519053302,752.8289767873107,normal
37.03085904920768,1.637902797664185,68.13826609526896,0.854225667925927,1.4419439958668308,749.5208076201982,normal
37.13094245204337,2.24905565235625,68.13083854872498,0.8442539790693913,1.4391834626307638,749.7148168595094,normal
37.231025854879064,2.277657694838413,68.19983812378732,0.8455326207827984,1.4464641560250586,750.7936044268529,normal
37.331109257714765,1.7480478423869,68.06654189613388,0.8268860814361099,1.4354244583968807,749.3840883583811,normal
37.43119266055046,1.6929094194132286,68.13817388942027,0.8418207829334615,1.4493297016779454,750.9688305992423,normal
37.53127606338616,2.396307980599622,68.09699977451207,0.8360115993679468,1.4608202035771791,749.2169507602682,normal
37.63135946622185,2.2495550500364243,68.08957536779441,0.8292605091150802,1.4670161158528299,750.7467864844677,normal
37.73144286905755,1.5264658573147538,68.07059443781374,0.8384120851098985,1.4477879319606064,749.8454693682133,normal
37.831526271893246,1.6747836854973197,68.0988906703157,0.8420787991657106,1.4508529349876753,749.9662850129959,normal
37.93160967472894,2.340299350468347,68.10615443277794,0.8452660465825265,1.450340602354097,750.6579346846662,normal
38.03169307756464,2.3616332408532372,68.20936782213266,0.843646184626038,1.4609054794618779,753.8713914368943,normal
38.13177648040033,1.4683485161336578,68.13825617353665,0.8611051712190382,1.4419246193740605,748.2922127393512,normal
38.231859883236034,1.784358659978128,68.14468665877196,0.8518134979421212,1.4387224903149785,751.6213578393256,normal
38.33194328607173,2.323571053385668,68.13979098625158,0.880291303441684,1.4398958415019858,749.7031441657714,normal
38.43202668890743,2.3054431794672685,68.23950516292985,0.8689179338206952,1.4289815665953567,747.9530830689881,normal
38.53211009174312,1.389754747738585,68.19874166774092,0.8866324538645256,1.4403289605665242,750.7820588927887,normal
38.632193494578814,1.6361261840662025,68.08731944694378,0.8661051702942582,1.4364187776710984,749.5270358452005,normal
38.732276897414515,2.4099444091476543,68.08931124856119,0.8512158797428053,1.4558737179511387,751.0423654760053,normal
38.83236030025021,2.060696150356287,68.1163265509842,0.8584336548283884,1.4392847337869024,750.3375923147787,normal
38.93244370308591,1.4628991744348767,68.1242147721552,0.8575122907171411,1.4340541796325121,748.9037075109942,normal
39.0325271059216,1.710776631125794,68.09334370798352,0.8606359654953173,1.465266330507592,750.6984187811977,normal
39.132610508757296,2.498282456500449,68.15143562888164,0.8313871677400989,1.446721173237212,748.1034834561814,normal
39.232693911592996,2.2923523161806987,68.07905655177221,0.840412316980296,1.4602927127322982,749.8435858197804,normal
39.33277731442869,1.5702328216357038,68.10471791568875,0.8280995228742314,1.4509440031278351,746.2660158745454,normal
39.43286071726439,1.525708977734831,68.119466624498,0.8265622700402054,1.4568190819097506,750.9849326237064,normal
39.53294412010008,2.361891838424893,68.12208421472526,0.8245536688448784,1.449143439816835,747.6366013701036,normal
39.633027522935784,2.0026921554282664,68.06381097489509,0.8262513364197746,1.4590811464747189,752.6550259982665,normal
39.73311092577148,1.6385037362087416,68.16531795734919,0.8357500713997408,1.4494906069393132,751.2667148038264,normal
39.83319432860717,1.7311442387020255,68.1947360371371,0.8527718561554976,1.457534707623971,749.097904707729,normal
39.93327773144287,2.425675721819686,68.1663950683349,0.8418542328744316,1.4477260592077699,750.3565960161463,normal
40.033361134278564,2.063432431320065,68.0804707229514,0.8673055365045907,1.4406602561596829,750.6071916060306,normal
40.133444537114265,1.5850045416730552,68.10228969974465,0.8549049531915234,1.4399291391968612,749.7566240527024,normal
40.23352793994996,1.7058483788287595,68.07245840012084,0.8666517812055184,1.458744084682564,749.4628750907659,normal
40.33361134278566,2.3957958004381124,68.20995972297187,0.8761850106933083,1.4486677735259474,748.5581411850602,normal
40.43369474562135,2.023661141303001,68.19552841682898,0.8800070791458298,1.4342771385805284,748.2923664248048,normal
40.533778148457046,1.337493249901383,68.16910259928895,0.8589607144310006,1.4439938946840027,749.8505897729026,normal
40.633861551292746,1.8255082904118367,68.12355014713789,0.8692939301755376,1.455071719424579,748.1509161961374,normal
40.73394495412844,2.562358685065263,68.03508330934073,0.8540185997793684,1.4357695065851799,749.2727121176283,normal
40.83402835696414,2.223778337312165,68.09606273853223,0.8628470460574955,1.4383763088860362,748.1377814841807,normal
40.93411175979983,1.4105478467641506,68.14220056843484,0.8596115569304157,1.4542710434742574,749.2267986378564,normal
41.034195162635534,1.8521291732434375,68.02728745113784,0.8349987519837535,1.44627867546372,751.2294056123545,normal
41.13427856547123,2.4804128529585143,68.0777367656346,0.835514456497891,1.4507408991193373,752.296982576525,normal
41.23436196830692,2.1205718959143454,68.1178659942247,0.8265374611851395,1.4344743551689128,752.1338291304817,normal
41.33444537114262,1.5801300033587524,68.06111539655433,0.8311054470741461,1.4446507804283497,749.3829948747554,normal
41.434528773978315,1.8355395117632762,68.15776234441729,0.840663965888021,1.4559299848983747,748.6798481073287,normal
41.534612176814015,2.4331906858534325,68.05523524885338,0.8223712406316619,1.4621523100049978,751.6418898607187,normal
41.63469557964971,2.1534629232446942,68.11818027811208,0.8434783093873007,1.4290676425077116,750.2975832276076,normal
41.73477898248541,1.7319518335313047,68.01736788786623,0.8398880492213434,1.451143278290897,749.1104269244973,normal
41.8348623853211,1.6189345459090514,68.03239140698041,0.8575104322291732,1.4558304210854365,749.1559743275869,normal
41.934945788156796,2.584271945220083,68.08398689337511,0.8554521367742605,1.463604394776305,748.7781923910359,normal
42.035029190992496,2.2581766073340885,68.15890850613513,0.8634569792254259,1.455466609490122,748.2491476694578,normal
42.13511259382819,1.4660538843663693,68.09161115675623,0.8501785983021153,1.4505172785234515,752.1899857817184,normal
42.23519599666389,1.885725643368829,68.16913618459564,0.8567245218837527,1.4386523936279787,750.0125312701116,normal
42.33527939949958,2.448650260336462,68.07700237834048,0.882584740644272,1.4508407168001347,747.5721118957032,normal
42.435362802335284,2.263323353980784,68.09445540634984,0.8749734203668947,1.4492059842878888,753.0332178829065,normal
42.53544620517098,1.2822896058721174,68.13047281290936,0.8733246700446642,1.453655314177726,751.3163375194265,normal
42.63552960800667,1.9073982067736375,68.09600229517795,0.8552554409409331,1.4379157986007995,749.9850299477845,normal
42.73561301084237,2.447994708158986,68.07327731922642,0.871258731645536,1.4550327921993949,751.6027156091262,normal
42.835696413678065,2.1999497372387258,68.0893476097304,0.8520230449736338,1.457264877062947,750.8810021670366,normal
42.935779816513765,1.5326738013266528,67.98799079337462,0.848704516614235,1.462503672274505,753.4704245810873,normal
43.03586321934946,2.07042991089472,68.06598416223467,0.8285134671150873,1.4520464702036848,751.2832956683706,normal
43.13594662218516,2.5003460144438754,68.04128515972907,0.8389273031300901,1.4569822839242776,749.058006587182,normal
43.23603002502085,2.200153867119127,68.09318040057704,0.8308470289834982,1.4397527249538196,749.9181145007802,normal
43.336113427856546,1.5529485723495278,68.00239353532208,0.8329308596746348,1.4603854688423195,749.5019635268839,normal
43.436196830692246,1.792489151720782,68.04921724511908,0.8316550346317677,1.4579802949723593,749.8699250582761,normal
43.53628023352794,2.314303885811802,68.10048068212835,0.8234572783831821,1.429102702975865,752.4490419050026,normal
43.63636363636364,2.128214153308341,68.07261965101101,0.8252112657197618,1.447309701022586,751.2009074264375,normal
43.736447039199334,1.6168877669951212,68.11207571327162,0.826130628201613,1.4540921594166607,752.084779984159,normal
43.83653044203503,1.9848539185069753,68.06330979161628,0.8561203588863724,1.4551534709138234,750.5864847892386,normal
43.93661384487073,2.3345827900764475,68.05544091635792,0.8475969518529406,1.470186853094799,750.621312458647,normal
44.03669724770642,2.1698307494178777,68.06138592198701,0.85537168634161,1.463307291222031,750.4191447184166,normal
44.13678065054212,1.5162935904302381,68.05095952620601,0.8573870138557242,1.446469846155945,749.1082740273649,normal
44.236864053377815,1.8374456173350295,68.04212732115134,0.8672943790784293,1.4522334672468202,748.4729544875074,normal
44.336947456213515,2.4795926234294505,68.05130154371452,0.8712039041064367,1.452407650953056,751.2946311964116,normal
44.43703085904921,2.20323831489349,68.00820258828344,0.8646569204738561,1.4468472304675533,749.8608319264449,normal
44.5371142618849,1.5759248557356962,68.11648551393098,0.8760794412274157,1.4498801357758593,748.7211850512837,normal
44.6371976647206,1.9355411193449072,68.03226277932875,0.8625292945895059,1.457992819933555,749.565542218931,normal
44.737281067556296,2.4832782210956506,68.03690868674671,0.8876895417780675,1.449446094311578,752.700422555431,normal
44.837364470392,2.093036404047696,68.03478994111063,0.856927897239793,1.4369204192004024,751.6291704917289,normal
44.93744787322769,1.6911742613394778,68.08557699178023,0.8659947063468657,1.4582315294369492,750.2593319924263,normal
45.03753127606339,2.0352084401706954,68.09067067615531,0.8354636957996058,1.461091369356354,750.0320945408702,normal
45.137614678899084,2.3449919090027325,68.12356352213914,0.8506201684589754,1.4490074629621226,747.1657465240228,normal
45.23769808173478,1.9435026451511583,68.02967525767005,0.8271807003932465,1.4466369956821392,750.6121712171295,normal
45.33778148457048,1.5857292593594225,68.00882740086871,0.8188598831805545,1.4427171121516325,749.2374698010823,normal
45.43786488740617,1.8844226970564886,68.04880137051806,0.8122141869180501,1.4622939632036307,751.8231197621686,normal
45.53794829024187,2.5445193359588885,68.05372364371374,0.8327308079005575,1.4571346502419968,750.7409523261562,normal
45.638031693077565,2.203310212113562,68.09280876611513,0.8199349885711165,1.4653645763666898,751.7511275678766,normal
45.738115095913265,1.3480897611238676,68.03050559724385,0.84198248293365,1.4491596656939407,750.9804733445974,normal
45.83819849874896,1.8355074268152523,68.05686335551295,0.8338132424027259,1.4525685051010582,749.4629605319891,normal
45.93828190158465,2.6265386291967125,68.0681116503395,0.8520061901108756,1.439563226771406,748.3485423343406,normal
46.03836530442035,1.9887562453235739,68.00744496152727,0.8484414280811383,1.465974339336653,752.6589961680794,normal
46.138448707256046,1.4944769403984774,68.0561489674544,0.8486912591068385,1.445446866806057,747.3621490962599,normal
46.23853211009175,1.9780805679203488,68.01653991781352,0.8499075364597262,1.4571480852114687,749.8946927902625,normal
46.33861551292744,2.595557599539837,67.95476548026119,0.8819536764188359,1.4605234116137151,748.3474244170283,normal
46.43869891576314,2.1474002025195356,68.01374626673045,0.8792629509923809,1.4547470552995005,751.9181868398229,normal
46.538782318598834,1.57104505766386,68.09944695422215,0.8616036613932092,1.4383153153360455,751.3278870786294,normal
46.63886572143453,1.9283102266307293,68.0911718178074,0.8710351460418332,1.4390201416855743,745.4604400752788,normal
46.73894912427023,2.4980909224476613,67.96361994365951,0.8836116524548537,1.4525469329177871,750.3041485774024,normal
46.83903252710592,1.9197768244630256,68.0527864181826,0.8362565405450564,1.443157126330676,750.399182432646,normal
46.93911592994162,1.4124854549435977,68.12035654226345,0.8513627928310885,1.4766958621314068,749.5234210601528,normal
47.039199332777315,1.9387024729226972,68.03186781703057,0.8382763384258063,1.4554704839750752,750.1460290661075,normal
47.139282735613016,2.6336253545922363,68.06431322814011,0.8444930343210248,1.4511746832230332,748.8919180326898,normal
47.23936613844871,2.0082429145151375,67.97770329523617,0.8540875867591432,1.4436264393557612,750.6383671088462,normal
47.3394495412844,1.3381454427909045,68.0525538822204,0.8421125427512526,1.437667481346165,752.396777732562,normal
47.4395329441201,1.910588070060147,67.9950222292034,0.8397558620791014,1.4494629004157866,747.8037382512327,normal
47.539616346955796,2.6026474711183756,68.06657744536791,0.8308138487387945,1.439925787772088,750.0986037260409,normal
47.6396997497915,2.0575625127344486,68.0304430653955,0.8210018901779208,1.4556769217485659,749.8165037156252,normal
47.73978315262719,1.5125546767828524,67.99432007931654,0.8347990154508265,1.4476627640285138,752.3590855934046,normal
47.83986655546289,1.9877575269931707,68.03897541572256,0.8376009251949947,1.4553533992542993,750.4445592139701,normal
47.939949958298584,2.3402548889240227,67.96193253192956,0.8472623279002246,1.444586727753529,748.7279914671427,normal
48.04003336113428,2.023139304383697,68.03379475139685,0.8535854427551515,1.4551374830772346,750.819037632341,normal
48.14011676396998,1.5033483611379146,67.99356692154075,0.8730429424641504,1.447323066915229,751.3783045947472,normal
48.24020016680567,1.9735079886510396,67.90839476721136,0.8533731662526427,1.4500960591632959,749.9029402118551,normal
48.34028356964137,2.560728730103938,68.01621889993739,0.86977058814193,1.4498101264870114,752.4324448619034,normal
48.440366972477065,2.04369758129115,68.03213736845645,0.8665560399832108,1.4502250891195707,751.4967832280716,normal
48.540450375312766,1.294297584983744,68.03427152107625,0.8607978843922323,1.434304628197251,748.7300216666412,normal
48.64053377814846,1.870287976742987,68.04848890034972,0.8527004274394615,1.4778886092540342,747.026597469871,normal
48.74061718098415,2.174305754062075,68.00289307989371,0.8637552208617443,1.4410829450096159,751.1394915571395,normal
48.84070058381985,1.9993045163686491,67.95545608703132,0.8439428376409926,1.431216981528711,750.7846426774383,normal
48.940783986655546,1.5132437927650018,68.08984698537483,0.8620623952808705,1.4567313918417102,752.1200344642442,normal
49.04086738949125,2.216913907288934,68.05699247579187,0.8605060870018101,1.4460930162364212,750.8097567848628,normal
49.14095079232694,2.5465385127099793,68.0151553085474,0.846175706145249,1.446854046335691,748.9047690105212,normal
49.241034195162634,1.846231976952028,68.13415617738163,0.8360984625027085,1.466309067628653,749.3499743124272,normal
49.341117597998334,1.4971132375961196,68.06866500775946,0.850337975094155,1.4417734412796015,748.7712018903364,normal
49.44120100083403,2.1106443189619086,68.01757318995398,0.8227565946207337,1.4381891776105842,752.1083922622638,normal
49.54128440366973,2.4604147887592505,67.93961586468538,0.8233573624129552,1.4471075148656178,750.9229059060859,normal
49.64136780650542,1.934679445127259,68.10865341873894,0.8367559282499066,1.4384978377809552,749.7311579765976,normal
49.74145120934112,1.519999388822037,68.05042705327526,0.8414869200514139,1.4403538589967364,749.4547131150472,normal
49.841534612176815,2.0623390097957834,68.0238110680989,0.8411769404553289,1.4540032696849774,748.5663548695782,normal
49.94161801501251,2.497972003110964,67.94682322994673,0.8379414480353531,1.435122402166613,750.093359164161,normal
50.04170141784821,2.0122478173418092,67.98533129316833,0.8520912729633164,1.4566567539096515,749.3238900486024,normal
50.1417848206839,1.5362812277980384,67.99027102083271,0.8532499617672237,1.4366933039954346,749.2121762978036,normal
50.2418682235196,2.0788179305690315,67.99420390651105,0.8485777878601356,1.4497025156556034,748.7600364193129,normal
50.341951626355296,2.4907753485112987,68.01819107960603,0.8693702765052795,1.46060800879241,749.5284410676096,normal
50.442035029191,1.9389624726815067,68.01074529709346,0.8754802337635766,1.4509327338606544,752.2930488633906,normal
50.54211843202669,1.388663925927588,68.03145771840931,0.8819351850458439,1.4418117400698731,749.7935176713922,normal
50.642201834862384,1.9946652873792037,68.03870245407059,0.8640535517264426,1.45539047268584,749.7837466249101,normal
50.742285237698084,2.3534381206085917,67.95423144741859,0.8618251320224627,1.4304435586245945,752.581873704725,normal
50.84236864053378,1.809898363789833,68.02607616032739,0.8635558806204355,1.4385134100116825,752.2572318512664,normal
50.94245204336948,1.4655691488905631,67.92403378794803,0.8570403001644578,1.461141229307178,750.7716726358065,normal
51.04253544620517,2.2718724726880892,67.93568093546988,0.8374379694654188,1.4519355454567362,751.7073704983395,normal
51.14261884904087,2.4566622049412024,67.95549410421636,0.8449223161200328,1.4553824248590082,750.7000676613086,normal
51.242702251876565,1.8788901097552642,67.97947535654592,0.8157158974801426,1.4529427555202479,749.0719031179983,normal
51.34278565471226,1.6389227465800675,67.98245764762072,0.8326658934387988,1.4423944658096164,752.4629334682178,normal
51.44286905754796,2.218881823081568,68.10355216574723,0.8293144900891231,1.4440383666138767,749.7124175925774,normal
51.54295246038365,2.5195172111417277,68.01544971259733,0.825735464935232,1.4584311342323328,748.5159213187563,normal
51.64303586321935,1.8888992862170135,67.98798390507771,0.8443568166785475,1.4370055252543013,750.1344171791148,normal
51.74311926605505,1.500645711249453,67.98550937771118,0.8394742159406531,1.4404017061358787,748.6844456313768,normal
51.84320266889075,1.9399026764117195,68.01687804410417,0.8523548502873969,1.458907207697485,749.3799055035395,normal
51.94328607172644,2.394504956243241,67.94789746898246,0.848171155422141,1.4660036669094874,748.8376065444432,normal
52.043369474562134,1.7714776067206057,67.962379841968,0.8486110755788007,1.431925755232136,749.5083393166467,normal
52.143452877397834,1.48977172385121,68.00917522657481,0.8583543210949691,1.4665032715965873,749.2377976050743,normal
52.24353628023353,2.1120852821109066,68.09159388586035,0.8696379611852113,1.4558351381557766,748.2263326324838,normal
52.34361968306923,2.3739749817775215,67.94777506052023,0.8650828045144905,1.4505662466062055,750.6919683906762,normal
52.44370308590492,1.9309830872896712,68.01027726996344,0.87090639422937,1.4476958933481643,747.329706901423,normal
52.54378648874062,1.5224364055181976,68.04644216761756,0.8749136586841068,1.4603994852625894,753.0742003742065,normal
52.643869891576315,2.198981574686879,67.96092210898107,0.8584895673030315,1.457686227432958,750.4242031621208,normal
52.74395329441201,2.391125621970979,67.87172642289866,0.872163681202916,1.4430976451683275,749.3682644121845,normal
52.84403669724771,1.751881930552568,67.92015192616896,0.8377032332868265,1.446794887098424,751.2536741246507,normal
52.9441201000834,1.545812175518103,67.93145608997034,0.8569302527203937,1.4471686240446937,750.1881186389242,normal
53.0442035029191,2.2005520121368227,67.99345939394257,0.8380801412215653,1.4277432867244115,752.4467513027375,normal
53.1442869057548,2.4533908175294754,68.01669232630637,0.8288806838343921,1.4559933216244565,747.9144613482483,normal
53.2443703085905,1.6337620088771008,67.97932435847012,0.8278686312399721,1.4583792408884242,750.1938625541399,normal
53.34445371142619,1.4729680993757432,68.0180307867215,0.8265417236687037,1.447130773557375,752.8827860458254,normal
53.444537114261884,2.2468026804514416,68.02884369966617,0.838905624383845,1.4571808011378375,752.4888394682692,normal
53.544620517097584,2.522437679827197,67.95025730056744,0.8327059348659352,1.45328313828714,751.6791085377045,normal
53.64470391993328,1.8138281753536822,67.94677864722766,0.8464582544179396,1.4321722744480934,750.718702302931,normal
53.74478732276898,1.7374025034765388,67.95824986834309,0.841911545093654,1.444811289122052,754.1646825494456,normal
53.84487072560467,2.195476675761213,67.88094208230724,0.8388541830734508,1.4659577927938112,749.6592798213469,normal
53.944954128440365,2.3922226240480446,67.99651485306697,0.8431661744002672,1.4526144702837036,748.9365668344345,normal
54.045037531276066,1.9562493516451833,67.94853086951865,0.8523386557286786,1.4554021839326092,750.2412641726409,normal
54.14512093411176,1.4555814923366728,67.95321640176256,0.8649575584444654,1.4473948383769442,750.7505002963064,normal
54.24520433694746,2.116468355234513,68.01563611816542,0.8737310633297378,1.4642431727263439,749.5258081786825,normal
54.34528773978315,2.5889092925047965,67.86121886613616,0.8537547965658089,1.4582263390574937,750.4153750640431,normal
54.44537114261885,1.7489336783863114,67.92499344642762,0.8709904985955744,1.4527443683270553,750.5780483295621,normal
54.54545454545455,1.7276949070696679,67.90872421317692,0.8460235773747707,1.4600886008673222,748.85444608493,normal
54.64553794829024,2.3772358051310536,67.87919547425321,0.8696982305624508,1.4409443418724424,750.2779505614976,normal
54.74562135112594,2.4748461853582415,67.81132531496544,0.857249685487698,1.4584856867440381,750.1213182277919,normal
54.845704753961634,1.805649505813832,67.93187546187266,0.8500079127671436,1.4461037134204042,749.7431089803255,normal
54.945788156797335,1.5532665729640305,67.97168937364899,0.8418426288247155,1.4662686380280041,749.9866813044355,normal
55.04587155963303,2.117088370129257,67.94725260046222,0.8486752473698737,1.432047416900557,750.0034624854583,normal
55.14595496246873,2.621777927464677,68.007748435927,0.8394575205039159,1.4266073300682836,751.3547959073835,normal
55.24603836530442,1.8184640910245773,67.9232183349732,0.847431143689345,1.4554851483068298,748.7092042653258,normal
55.346121768140115,1.494574376581058,68.01741912156419,0.8334739425915354,1.4577687676603255,748.7693540032586,normal
55.446205170975816,2.302868014357736,67.97893244565292,0.8300072333303931,1.461627124674839,748.5950199912965,normal
55.54628857381151,2.4682977499461916,67.84674471708128,0.8249436743904893,1.459343257303749,752.9474450783979,normal
55.64637197664721,1.7002487060460374,68.01802155040745,0.82182291003501,1.4557431027794556,748.2203311547606,normal
55.7464553794829,1.4511444377386922,67.95183049153373,0.8418784542937098,1.4571454936154302,749.6073164462365,normal
55.8465387823186,2.3126964138671138,67.94408105691704,0.8431871158645251,1.466471296360599,751.2273293104688,normal
55.9466221851543,2.534003447598786,67.87628824717416,0.8524052157400206,1.4586063171339854,751.5385094059586,normal
56.04670558798999,1.6237711549175955,67.90863337397798,0.8619513933583465,1.4438428294525134,751.1223261187374,normal
56.14678899082569,1.5398650502276174,67.88481336561712,0.8522568899364251,1.4525319965546173,750.1000639082451,normal
56.246872393661384,2.2981806084747802,67.96613089716296,0.8677775251962596,1.4557975493105395,750.2609484261638,normal
56.346955796497085,2.4495571605807203,67.84349165429559,0.8660326780964407,1.4536418995038456,748.5748277609621,normal
56.44703919933278,1.8615443695226463,67.94378627056994,0.8665205952521874,1.4528291173862593,749.2778292857387,normal
56.54712260216848,1.435948439868502,67.86383539121339,0.8745467357303043,1.4453703190133023,748.3393542362874,normal
56.64720600500417,2.288490501380208,67.92201058977518,0.8701862212790821,1.45686963135931,751.1544297648109,normal
56.747289407839865,2.284945396084386,67.94053272711872,0.8601986105194256,1.459899118824367,752.5880320298857,normal
56.847372810675566,1.597335838343637,67.95409679088192,0.8538836847216198,1.446927993752797,752.4961927997654,normal
56.94745621351126,1.559252027900317,67.91659328734592,0.858561813957304,1.443847624096794,749.8067305426836,normal
57.04753961634696,2.2812438515900957,67.88168246594329,0.8370818250701784,1.4473535283775847,753.1244405932656,normal
57.14762301918265,2.3813382597602706,68.01931868929027,0.8243027169378095,1.4375214795864795,749.2473058929025,normal
57.247706422018354,1.6585740359847858,68.00442579981639,0.8437291295003853,1.474576291390048,751.920382078368,normal
57.34778982485405,1.5582538883242836,67.95700249950626,0.8119159436914528,1.4339789888984324,750.9077901866083,normal
57.44787322768974,2.304248981754956,67.93216072961557,0.8277763256393087,1.441997478393062,746.0231084393695,normal
57.54795663052544,2.531900554206181,67.95288647810673,0.8310475644127457,1.4649088665465382,749.518312349703,normal
57.648040033361134,1.7534150713115177,67.83319360698658,0.8486224928131889,1.4449813791633614,750.5826393020012,normal
57.748123436196835,1.4991052561521652,67.9173099931928,0.8412014667273444,1.4249749433947494,748.8225618242066,normal
57.84820683903253,2.4475168218209733,67.92768807204746,0.8215784554429881,1.4336047402874157,748.6040721121244,normal
57.94829024186823,2.3944158146153476,67.9412893234682,0.8444494596437754,1.4560058918952608,750.8193939338724,normal
58.04837364470392,1.4544448809174242,67.95514540531572,0.8479419912437506,1.4520072622332443,750.226622882982,normal
58.148457047539615,1.4378953497398301,67.83359321385964,0.8596695679525859,1.4602103342850976,750.2913167146202,normal
58.248540450375316,2.19423515256195,67.9312580369864,0.8577584855593365,1.4497839670932313,748.1459696932632,normal
58.34862385321101,2.486846061437328,67.86844910381438,0.8692156595958616,1.4322060597500241,750.0275750708931,normal
58.44870725604671,1.4765470637926694,67.88301461942048,0.8573457384918794,1.4427819251822616,749.0818182082513,normal
58.5487906588824,1.7141401505884133,67.87951054064213,0.8884014638776968,1.4584109968928856,750.0742709696931,normal
58.648874061718104,2.3089012651229526,67.90310723554252,0.8649171585594814,1.4551502308374522,750.4347016119291,normal
58.7489574645538,2.260884944989669,67.85295454834578,0.8637309839072598,1.4469245260763302,749.5475457697034,normal
58.84904086738949,1.67234504422962,67.90599588917388,0.8711626164889394,1.4567778362025905,749.5069103798817,normal
58.94912427022519,1.7351537526852614,67.97105419761672,0.8553183372774772,1.4235538121852744,749.5706561196205,normal
59.049207673060884,2.3004831675722954,67.83238464171211,0.8385338306017451,1.450953118199576,753.3953583905345,normal
59.149291075896585,2.378542432892285,67.97073765965803,0.837478074946992,1.455292742917265,749.0980227000096,normal
59.24937447873228,1.5964324703479198,67.95929406140677,0.8321153091169411,1.440533576664354,749.4401546263138,normal
59.34945788156797,1.9288021923738445,67.87175554847502,0.8493401509583056,1.4415916177150285,750.4124543074846,normal
59.44954128440367,2.3172886645188036,67.93411444875493,0.8250326535217729,1.452213225479646,751.3069280628189,normal
59.549624687239366,2.4560425335807885,67.90242660786555,0.8169032760240554,1.4526207069273467,750.7915479478044,normal
59.649708090075066,1.433779665890731,67.84659021131709,0.8366050665998691,1.4729076011347628,750.662486195829,normal
59.74979149291076,1.6497999847195575,67.93064800477083,0.8354120074683922,1.4534910363029518,749.8919459030003,normal
59.84987489574646,2.2800522260830425,67.89155235436775,0.8509334635525877,1.4490268461539284,749.2236036453055,normal
59.94995829858215,2.3337630299140097,67.77932104554854,0.8561553618690515,1.4510707690089326,749.5076636286074,normal
60.05004170141785,1.7308540093258267,67.91954012105886,0.861710011029829,1.4451580395792103,749.841999615703,normal
60.15012510425355,1.6547622745280375,67.78380722333641,0.8674285653137892,1.4516764829319113,748.4973087375654,normal
60.25020850708924,2.314893480076031,67.84480037621745,0.8406248535324942,1.4418933996305054,752.3675751038203,normal
60.35029190992494,2.4201889603812963,67.89523015723086,0.8706314708958214,1.4450641149602885,751.0885581130818,normal
60.450375312760634,1.878925584583817,67.93923247125511,0.8832353179390955,1.4545742328053926,752.8836917318663,normal
60.550458715596335,1.5816527001101308,67.82679653666415,0.8970231191684235,1.4651020058820132,749.2289454004574,normal
60.65054211843203,2.323070171950923,67.8318558701446,0.883193157787807,1.4454873635341838,752.842233701085,normal
60.75062552126772,2.4031736012817766,67.92146665451703,0.8473384293933808,1.4341489867710655,750.0904547961044,normal
60.85070892410342,1.668735409216515,67.83361481845343,0.84317236605767,1.4567083906003337,751.4266139097558,normal
60.950792326939116,1.7674180129722987,67.91363140690953,0.8473234588965083,1.4466832258635949,748.1863198912368,normal
61.050875729774816,2.478153997648026,67.99928187985768,0.8304900790875701,1.4509506400155199,753.4475155052412,normal
61.15095913261051,2.405966022581278,67.79827992630074,0.8326390558761144,1.4227179720827865,751.6615844755939,normal
61.25104253544621,1.6149889771968888,67.80146034799697,0.833346814935049,1.4385120603129555,749.022187515077,normal
61.3511259382819,1.5438432596584297,67.94244886264477,0.8195729225029869,1.442394308248749,750.6859540142018,normal
61.4512093411176,2.3724959243362025,67.82983844475538,0.8374225090749361,1.4611106557643057,750.8707200429011,normal
61.5512927439533,2.2124904359520716,67.8265222483779,0.8400634813894612,1.432728058553123,749.6528651288323,normal
61.65137614678899,1.5923814811800312,67.78790150434541,0.8254304813237595,1.4604952332203442,747.3409540100995,normal
61.75145954962469,1.7634687807985954,67.8509750949475,0.8366020186661045,1.436926410842191,751.3727593813229,normal
61.851542952460385,2.393661940808948,67.82486247959179,0.8423361582530697,1.44653525598928,748.6575571968087,normal
61.951626355296085,2.4530111822728706,67.87001080104517,0.8362779335594076,1.45437982215885,750.1668227453677,normal
62.05170975813178,1.6428644171137794,67.89425537659993,0.8527488264963529,1.4479361557206158,750.309621426135,normal
62.15179316096747,1.6187433786281695,67.88446490976263,0.8707324733657192,1.4569972431875688,751.8210939775335,normal
62.25187656380317,2.44625370006382,67.91299275421368,0.8803651253121488,1.4509948972828073,750.4001243493883,normal
62.351959966638866,2.233996010646683,67.87390879600618,0.8807730788408314,1.445328496820726,747.8926561087166,normal
62.452043369474566,1.3500114785289243,67.85604639279796,0.8738257784074287,1.4512498350947531,750.0746027514548,normal
62.55212677231026,1.6829254556311715,67.81936569126748,0.8620229545475026,1.4401465192606713,748.1627140342777,normal
62.65221017514596,2.4633435865249127,67.96090411367217,0.8801820599631232,1.4594201898233001,747.3343720773734,normal
62.75229357798165,2.1958675242836008,67.72196268894838,0.8715022848563114,1.4484384943921116,748.4673249537002,normal
62.85237698081735,1.5909040500244531,67.80050989780221,0.8321751669893946,1.4452881528666044,749.6184928894346,normal
62.95246038365305,1.7521295212227013,67.75811161964354,0.8582928185951683,1.442443964153479,750.8075479766013,normal
63.05254378648874,2.485643520515839,67.91055463489971,0.8586774895460914,1.4473695392800825,752.5972602640118,normal
63.15262718932444,2.2908724212628258,67.90271448222789,0.835788242173808,1.449688092316887,749.9353080975891,normal
63.252710592160135,1.683705375965888,67.9184498861998,0.8382253401870128,1.439039681154998,750.4129123644404,normal
63.352793994995835,1.6548610291938186,67.8547617275531,0.8309996425681648,1.4532177547647342,750.4415090981813,normal
63.45287739783153,2.360082535433533,67.82244734319882,0.8361559845853926,1.4201436362194149,751.0160751517061,normal
63.55296080066722,2.240041117639174,67.87825504147521,0.8180884457175974,1.45121686754136,750.6595006942297,normal
63.65304420350292,1.5689254879049166,67.8975414976484,0.8291725039332749,1.455855534734722,750.5265683308576,normal
63.753127606338616,1.805205771341808,67.80545190019876,0.8376964196178518,1.4418806854516306,749.0624747552697,normal
63.853211009174316,2.5591739343435265,67.86628249917352,0.8487517447529455,1.4584303407745483,750.3165494154814,normal
63.95329441201001,2.1305032836701274,67.89863299891064,0.8622638958186318,1.4369504183988977,750.9485567727781,normal
64.0533778148457,1.6726088537226866,67.9139475913779,0.8667945315692143,1.4412403499339246,751.236239079371,normal
64.1534612176814,1.5922475581805844,67.8233389027367,0.8733923061780033,1.4360362089329377,750.1812847238868,normal
64.2535446205171,2.562417063887704,67.80612081341842,0.8626868661945867,1.448753400353216,748.7534558847568,normal
64.3536280233528,2.0429284938838896,67.88577627851889,0.8586527403584723,1.4586670267395316,749.3779191675937,normal
64.45371142618849,1.3629466636876506,67.86626303448209,0.8918600935319371,1.4380992119051954,750.3762069702746,normal
64.55379482902418,1.8338271945406732,67.7605962086274,0.8692742144867868,1.4506891893014158,751.1646251476963,normal
64.65387823185989,2.4164361908092586,67.75808634573883,0.8634462163619868,1.4571376664324143,748.191340529456,normal
64.75396163469559,2.236119477384227,67.86616019018679,0.8529819242099255,1.471580379268019,747.5771560649133,normal
64.85404503753128,1.423004883686779,67.84073970710217,0.8474046370732303,1.4548297537275103,748.6556543861775,normal
64.95412844036697,1.738342305653751,67.8239163582136,0.8475546465289449,1.4614567774422915,750.2974851857134,normal
65.05421184320267,2.4846227283438598,67.85419100924929,0.8407337047358598,1.452396880247577,749.0802583466274,normal
65.15429524603837,2.1387756744591804,67.86444614859474,0.8349777139528374,1.4468947431500037,749.9907592184993,normal
65.25437864887407,1.4826691969195411,67.84279183390954,0.8259743794234101,1.4441377463023515,749.7639483842189,normal
65.35446205170976,1.8969779653852956,67.90097010578351,0.8419156423965457,1.4468730785420612,750.7381326653955,normal
65.45454545454545,2.464929873536864,67.84372425743047,0.8339290201656794,1.4312710783661209,749.4099236585107,normal
65.55462885738115,2.195112165919781,67.82336470719585,0.8223540206908646,1.4452372948483638,751.0882774138182,normal
65.65471226021685,1.5339064224325658,67.76739573245199,0.8117060229180081,1.4520898340950994,747.2226159652404,normal
65.75479566305255,1.8530619277669562,67.87949645159833,0.8451481008573004,1.4405805048729587,751.3402648378233,normal
65.85487906588824,2.70037801645094,67.84734744629716,0.8295443117491607,1.4550848720862615,751.090325545787,normal
65.95496246872393,2.001208840580773,67.80811009824883,0.8547239741219248,1.4257386500656353,749.9508311372687,normal
66.05504587155964,1.6064306012135767,67.83929016468517,0.8534411476213002,1.4507646225078943,752.3074868775325,normal
66.15512927439534,1.8142906555089735,67.72811694495407,0.8534235114463407,1.4477309038614994,748.5898750047113,normal
66.25521267723103,2.551313293523294,67.81382419481088,0.8779635675296474,1.4647368620859933,748.1812608892247,normal
66.35529608006672,2.149992559441029,67.93878811441051,0.8683366567572929,1.450909460120081,751.1720792853437,normal
66.45537948290242,1.4395828856943162,67.7071955595486,0.8810053972442253,1.4669364354702736,750.0397120181384,normal
66.55546288573812,1.8588962091310468,67.75269416686147,0.8728941990153489,1.446361005759915,750.9400185252471,normal
66.65554628857382,2.4956450089570934,67.83132616067627,0.8714682563710324,1.45082790116751,752.2780263396157,normal
66.75562969140951,2.101117556239254,67.9034582417482,0.8687808072521408,1.4480417878855694,750.3783933321382,normal
66.8557130942452,1.3536682844605563,67.7868883525607,0.8672449362176152,1.441086195069462,751.0285383175504,normal
66.9557964970809,1.6266135306896845,67.82234681745032,0.8486789541849387,1.4491594825582583,748.0210097600373,normal
67.0558798999166,2.52268179001889,67.8228957574473,0.8435674689298669,1.448498478083346,750.6706687773238,normal
67.1559633027523,2.201043314364852,67.92166945336436,0.8339156799835326,1.4582160218368614,749.1629176548587,normal
67.25604670558799,1.5181280541229358,67.75440084287936,0.8322264667441671,1.448967359423457,749.259201349011,normal
67.35613010842368,1.8301552897497353,67.80437028512308,0.8330669642172768,1.4592726664445854,750.6990241053124,normal
67.45621351125938,2.509822534174553,67.88906975143776,0.8391837432161603,1.434689400767812,749.3807119336692,normal
67.55629691409509,2.1707042451896985,67.91905709669362,0.844458090069395,1.4343055672470364,751.603548572519,normal
67.65638031693078,1.6039104128941348,67.84259028424596,0.8520341436797316,1.446407618541815,750.5014985820908,normal
67.75646371976647,1.890298989668919,67.85925927330659,0.8446126569919753,1.446294157837896,749.0138846295202,normal
67.85654712260217,2.4631805932348123,67.81171500018476,0.8375040083581701,1.4520430940909124,750.338624594462,normal
67.95663052543787,2.1165513457435012,67.82197512961895,0.8555421571518089,1.4437596865504885,751.323045702921,normal
68.05671392827357,1.5472229887562605,67.83438021187091,0.8348549516168055,1.436199593492003,747.3631733200294,normal
68.15679733110926,1.7958519525271825,67.8245411465533,0.8505181664176952,1.450711097785367,749.8229135631389,normal
68.25688073394495,2.5448526258011466,67.77198320833104,0.8625216142308367,1.4610056897305395,749.1819220871457,normal
68.35696413678065,2.1146411513035175,67.81745898058357,0.8755728063447611,1.447010599893829,750.7854298311605,normal
68.45704753961635,1.6489958063243821,67.81306646808662,0.855436632783555,1.452909162378782,749.5899740662867,normal
68.55713094245205,1.9125425560287743,67.80506245422036,0.8646939439082959,1.447761542184929,749.3289395702084,normal
68.65721434528774,2.5233750657937435,67.81416955383554,0.8628893700845935,1.4482295830537837,750.3297810426109,normal
68.75729774812343,1.8821040809920675,67.96176781779204,0.8705344868578476,1.4478446671657053,751.5803658266752,normal
68.85738115095913,1.4126080608389533,67.81488832627375,0.8660778989106447,1.4600401161628065,749.4795387550098,normal
68.95746455379484,1.7948648814290047,67.89237530694403,0.8550685890572577,1.4416395213716628,750.8489560108222,normal
69.05754795663053,2.4014491774425784,67.76844223952865,0.8409825796482467,1.4396834908281937,750.4695914762316,normal
69.15763135946622,1.962435828415988,67.78295700525582,0.8391841902863372,1.4544722182929826,750.4055645713894,normal
69.25771476230192,1.4153299497471468,67.86413633167616,0.8298021160344682,1.449186633009853,751.9153920118507,normal
69.35779816513762,2.030188375522231,67.80418796258523,0.8304145976208157,1.4582881375398569,750.4077214982245,normal
69.45788156797332,2.507230421307066,67.80508453157566,0.8132034672721343,1.4455687288221002,747.0793207817994,normal
69.55796497080901,2.017717173563845,67.8219745491356,0.8264042778802222,1.4457445363775483,751.0281547477155,normal
69.6580483736447,1.3825400126536291,67.86490058785496,0.8548023156347566,1.453154662287226,749.3319957192734,normal
69.7581317764804,1.8642811934815262,67.79060863633644,0.840594075923027,1.4580103674221467,752.1832119748216,normal
69.8582151793161,2.4633908839170293,67.79190221038914,0.8515732230027998,1.452688374434959,748.1899721372071,normal
69.9582985821518,2.050817147270639,67.7685163186137,0.8226364138584404,1.4412456697966014,750.902646741499,normal
70.05838198498749,1.4736801804609705,67.88732706176536,0.8776723290914352,1.4463007686659917,747.6012143667376,normal
70.15846538782318,1.9217032025388772,67.7844733488718,0.8603838331224497,1.4497350472840207,748.7071936889877,normal
70.25854879065888,2.564399796600794,67.77698319250237,0.8457717085670889,1.4641317950572506,749.4848796478534,normal
70.35863219349459,2.1282435932148913,67.76545061403012,0.8665642341226454,1.4498219332245528,753.7866017235058,normal
70.45871559633028,1.553618130939321,67.80915927026042,0.8565887003413992,1.4641251313541628,747.9401802753118,normal
70.55879899916597,1.8991798284114874,67.83295817837609,0.8539574064161338,1.4514573820564511,752.2126075180514,normal
70.65888240200167,2.593916354990635,67.73094293482731,0.870562099036735,1.4346832661350046,753.2190188714643,normal
70.75896580483737,1.9908002104360014,67.8071673104293,0.8557288995722384,1.4478981603334928,751.598818153003,normal
70.85904920767307,1.512164491011769,67.79442404433793,0.8595099069684046,1.4573728558528127,749.6108108061188,normal
70.95913261050876,1.973704926836399,67.83258690739085,0.8539130317428423,1.4531307661424626,750.1762194886154,normal
71.05921601334445,2.573687971625167,67.85740947226331,0.8629243187703092,1.4644872484583278,751.0016496977114,normal
71.15929941618015,1.9960728246568635,67.73225692796501,0.849619743707291,1.4545287957862911,747.2841308700968,normal
71.25938281901585,1.549007113328129,67.80300852173761,0.8440661215163883,1.4517814938658649,748.9000151785714,normal
71.35946622185155,1.936573575358389,67.83979946198492,0.8461727699525617,1.4517402924459637,751.9676547780141,normal
71.45954962468724,2.739545731868251,67.73540151229794,0.8270028666065202,1.4494304012815131,752.0268741169641,normal
71.55963302752293,1.9274195591703198,67.75598289927102,0.821516152666377,1.4400383244199764,751.64070756958,normal
71.65971643035863,1.6139385898794028,67.79249539558015,0.8466406502799516,1.441198837025905,749.3567341252966,normal
71.75979983319434,2.0931799580988173,67.82975431944136,0.8363946128858798,1.4649771509993845,746.0591578004468,normal
71.85988323603003,2.45010975107799,67.79646138756763,0.8374835448148044,1.4449743223385068,749.1380639929413,normal
71.95996663886572,2.0632099507698483,67.77416365800879,0.8549741224345417,1.443967691081914,748.5335621529284,normal
72.06005004170142,1.5211895447008643,67.77195090538648,0.8418213994421708,1.458691612511964,749.56823479119,normal
72.16013344453711,2.248154030128428,67.783221161993,0.863461872302087,1.4503389982668025,753.4727785952409,normal
72.26021684737282,2.346610403196303,67.78633663329367,0.8591139635925846,1.4470481638908796,748.7480592194663,normal
72.36030025020851,1.9831434026897414,67.81728263499676,0.8831274097287529,1.465410579075144,748.7446008632136,normal
72.4603836530442,1.2864166134577322,67.83039867722444,0.8667383097760573,1.4392206064811206,747.9091002338104,normal
72.5604670558799,2.0906197803536624,67.79753090517869,0.8660589359334209,1.4431058830396075,748.7593879820012,normal
72.6605504587156,2.5844214441552356,67.79077870203828,0.8904764938763158,1.454150080129548,747.5911307250561,normal
72.7606338615513,2.0132348870218495,67.75423074877484,0.8675656241906686,1.4516353843398102,751.2598970866385,normal
72.86071726438699,1.5314242079014762,67.77777184952335,0.849398593240132,1.4432601649160246,747.5414747857569,normal
72.96080066722268,1.8689836679583447,67.75874193035402,0.8528973874445814,1.4417633059561468,749.2305435289295,normal
73.06088407005838,2.3916880221391144,67.82659773688788,0.8423577072100799,1.451264571067677,749.1326931742409,normal
73.16096747289409,2.1240777825066375,67.74489819465877,0.8410053175311579,1.448446474162514,752.4954480344998,normal
73.26105087572978,1.5337025245636426,67.76319988102843,0.8435152140051843,1.4621698924642366,749.8656050850853,normal
73.36113427856547,2.08242518559797,67.73680865123256,0.843240390703343,1.4349935861537695,749.1270057435744,normal
73.46121768140117,2.232403765920177,67.73397638697811,0.8394960037522261,1.4481236886254842,749.9490611927203,normal
73.56130108423686,1.9358613975945622,67.74782943284758,0.8293096759930129,1.4492272775927408,750.606519017386,normal
73.66138448707257,1.5487190455843738,67.69642327300653,0.836296025603894,1.4555669489314158,750.2500399016075,normal
73.76146788990826,2.094391997078807,67.71833167223728,0.8304035574777515,1.4445256794821124,751.0638559789562,normal
73.86155129274395,2.3955202416482524,67.81415613228164,0.8451716893072972,1.4504242067349467,750.3574205977409,normal
73.96163469557965,1.9854291900611796,67.76329250734177,0.8490563212424354,1.4730243851670264,747.989431775512,normal
74.06171809841535,1.4115347213044,67.75823566568633,0.8348027558418365,1.4505182178905538,749.5256136895284,normal
74.16180150125105,2.2660061872853574,67.78591777395287,0.8552548086043529,1.460322927188929,747.729862415082,normal
74.26188490408674,2.399897553258743,67.7591408247371,0.8826662462245035,1.4348246877036286,749.0967145913171,normal
74.36196830692244,1.83329380103065,67.83683166098493,0.8702153586092035,1.4490526120305067,746.9803994810414,normal
74.46205170975813,1.5199258912158216,67.89547547303414,0.866540327096051,1.4351735456778683,750.9856071504704,normal
74.56213511259384,1.92893660836221,67.69807710470513,0.8539049568494814,1.4519776132703013,750.3014882526046,normal
74.66221851542953,2.308600102951072,67.74401257657746,0.8809700275057616,1.4479621390305386,749.829251563784,normal
74.76230191826522,1.8986697463279811,67.91494466489198,0.8839339205536343,1.4389915488237146,752.8582192329343,normal
74.86238532110092,1.5239274755923857,67.86548297007086,0.8503181164431941,1.428044908234113,749.3599646429881,normal
74.96246872393661,2.059494412804484,67.79754950223102,0.880386985477702,1.4390275788049263,751.4668015231933,normal
75.06255212677232,2.5085857288839475,67.80326390418985,0.8492663307772386,1.454740958899838,747.6000512288697,normal
75.16263552960801,1.9934178340031974,67.76199971195307,0.8321348131700025,1.4370542061605402,748.5972431987436,normal
75.2627189324437,1.5226821519665346,67.76602078272428,0.8306601772430133,1.4532526277728743,748.3774697539174,normal
75.3628023352794,2.1090189005440814,67.84194440981446,0.8324146263862297,1.4581798212581911,750.8446031316158,normal
75.4628857381151,2.6283635081826806,67.88150089474388,0.8225232724528185,1.4364009016645674,748.7395011275777,normal
75.5629691409508,1.876911839090697,67.77432934995997,0.8144283195813118,1.4341766764620165,749.9240025208888,normal
75.66305254378649,1.4045938726672536,67.75286064926921,0.8219147068369449,1.4439815924531145,751.6312078878415,normal
75.76313594662219,2.1363106810377572,67.9211628292866,0.8411887058986893,1.4558305771949331,749.9571758398956,normal
75.86321934945788,2.4947382431134377,67.79724556510837,0.8435307914404684,1.4518116182478409,751.6490583052731,normal
75.96330275229359,1.8989060144293106,67.80234091944796,0.8289963196075386,1.453334117262271,750.0038739333554,normal
76.06338615512928,1.511714575493917,67.82976863112454,0.847271040051468,1.4570926713283305,747.9679071961228,normal
76.16346955796497,2.087073804358682,67.8564411723645,0.8461983251940439,1.4298065561984103,752.7259943240182,normal
76.26355296080067,2.397551837990313,67.79167630171813,0.8721854024128324,1.4444256302260448,746.9839376508958,normal
76.36363636363636,1.803349517553064,67.69446536719745,0.8720115936270302,1.4567912204000575,748.275251420729,normal
76.46371976647207,1.5199099501340436,67.80214450449104,0.8642711608902134,1.4474635623098717,747.9937663250688,normal
76.56380316930776,2.1326288069589836,67.78059426873351,0.8440885688618266,1.4487193427713994,749.6581864639685,normal
76.66388657214345,2.3238759740761097,67.75777929351584,0.8742454891672756,1.4434514498829496,749.1754506728288,normal
76.76396997497915,1.9571778411809113,67.77078336097037,0.8553209121761682,1.4330417289216375,747.7853572537646,normal
76.86405337781486,1.6395396078554758,67.75714776223029,0.8546810633287452,1.4434271113405757,750.4053270835359,normal
76.96413678065055,2.298196245484653,67.87947696389735,0.8513836346654811,1.4448426698522763,747.9281406014951,normal
77.06422018348624,2.5433870697734413,67.8247767819176,0.8630552281908086,1.4698672523178982,746.3666702807433,normal
77.16430358632194,1.7538967122234963,67.83751958782082,0.8531926918078675,1.4605137191129693,750.7910691135481,normal
77.26438698915763,1.631688988107831,67.80103134277512,0.839923426708404,1.4692630908691164,749.757898219539,normal
77.36447039199334,2.221419766007625,67.83188067960755,0.840473718203394,1.449330195020725,750.0090510825694,normal
77.46455379482903,2.6148857184099974,67.82533416550827,0.8415048367267319,1.4382875325612203,750.5304529751119,normal
77.56463719766472,1.833466428176133,67.7918515670853,0.8463235831310271,1.4453635506630886,751.2566063471616,normal
77.66472060050042,1.566992799080324,67.77056540582554,0.8377166804060596,1.4505969045168343,751.2487867203141,normal
77.76480400333611,2.260445260280039,67.86531670894864,0.8412179579306565,1.4405785911557276,748.3889605845831,normal
77.86488740617182,2.380283027369535,67.78429757072648,0.8385106563276422,1.449196273478654,750.3965597333427,normal
77.96497080900751,1.786499216235507,67.83999219019974,0.8567511096972678,1.4498071171934959,748.9948176893225,normal
78.0650542118432,1.6160730789789914,67.83221688699996,0.8420822248755566,1.4438400635177238,748.4741907586543,normal
78.1651376146789,2.255628949332198,67.78175267441752,0.8687184431085212,1.4364529730918363,749.2129829515037,normal
78.26522101751459,2.321338064696761,67.80048046718186,0.8707898791477513,1.4491176046985852,749.9404895359291,normal
78.3653044203503,1.7343283915514076,67.80630769626202,0.8550095372993803,1.4526597683165345,751.5708718086101,normal
78.46538782318599,1.5982394013766572,67.81183407352627,0.8679396431495184,1.4314672625604827,750.1465324469507,normal
78.56547122602169,2.200035791856997,67.81111683877404,0.8873180467507058,1.4313622911515749,749.2210885205545,normal
78.66555462885738,2.6344874309283393,67.81068089192723,0.8640343411541614,1.461393576033969,750.7596650737213,normal
78.76563803169309,1.9072374222169806,67.74914529181544,0.8721633846169149,1.4489068863890004,749.3955889725808,normal
78.86572143452878,1.4870977927180116,67.78488480069146,0.8803702792905704,1.4320342303248994,751.5700277585476,normal
78.96580483736447,2.3406025723569037,67.84845158862075,0.84713219862493,1.4587002734746057,752.4754899177486,normal
79.06588824020017,2.4315956095190865,67.77951630852529,0.8399759189633268,1.4463587982897088,751.0021186616395,normal
79.16597164303586,1.8342881129896351,67.78196904012074,0.8372375525799951,1.4398298409367916,749.2692748841802,normal
79.26605504587157,1.4927507529308657,67.86095184027603,0.8356245328276475,1.4394611359973157,750.6422312678792,normal
79.36613844870726,2.1778881197059077,67.84015575165759,0.816912018081512,1.439030056408014,752.7282336148394,normal
79.46622185154295,2.381637684290627,67.83788041503266,0.8256275398057022,1.4435847309088414,750.1145273923938,normal
79.56630525437865,1.6466123236292132,67.78907881141613,0.8169019229610348,1.4373287148599314,749.9321337165638,normal
79.66638865721434,1.7101623176201315,67.79112629965661,0.8200428019172495,1.4288009897622593,752.9762284748268,normal
79.76647206005005,2.1870822138544077,67.76788971690574,0.8529921600849772,1.4405409052883977,748.3396817177616,normal
79.86655546288574,2.301438235166337,67.73952410331172,0.844421095532339,1.4468914176464702,749.1442748164552,normal
79.96663886572144,1.7458255104830267,67.857690201437,0.8470138056833573,1.4557157939903365,749.672107934462,normal
80.06672226855713,1.635505462774325,67.89035362093311,0.853988381535806,1.4585445866652615,752.2160198567833,normal
80.16680567139284,2.3855267307572094,67.73253658410542,0.8615066253587571,1.4589187793539882,749.5143666331594,normal
80.26688907422853,2.323362868275627,67.74314947170501,0.8633900777727936,1.4598455324361905,749.6224278002198,normal
80.36697247706422,1.8049559341296144,67.83304029355688,0.8621690005331472,1.448770220486489,748.5209232680381,normal
80.46705587989992,1.4500764266811839,67.7403682381438,0.8658340710864513,1.4533997867890827,749.6480693563898,normal
80.56713928273561,2.2386944942920044,67.82294195261123,0.8585681477276716,1.4472082322607074,748.477453423803,normal
80.66722268557132,2.305524620722473,67.9136627867369,0.853341972540026,1.4556651527825406,752.288093523653,normal
80.76730608840701,1.919050864341532,67.74572015435726,0.8588021306232636,1.4550090200554482,750.3203344023686,normal
80.8673894912427,1.6089056332393592,67.70744747654669,0.8299290700714534,1.4519231171270441,751.0555814237648,normal
80.9674728940784,2.072663409203336,67.78191258538324,0.8755525002592351,1.4479302468337,751.1864251921982,normal
81.06755629691409,2.290185688245567,67.83719094908342,0.8514698057187919,1.441150669976779,747.8161765801688,normal
81.1676396997498,1.7390774416345638,67.96510880894378,0.8360022432364159,1.4457549671759815,752.7272586722594,normal
81.26772310258549,1.5335103112682302,67.83755154452872,0.8284902192260793,1.4496457746710751,748.0734330092762,normal
81.36780650542119,2.357418731052188,67.90365396494657,0.8309600132525428,1.4437249645886323,748.7885033681603,normal
81.46788990825688,2.274129766682213,67.83667630245877,0.8364854832662896,1.4427517574012774,751.7629259986804,normal
81.56797331109259,1.6950665803618055,67.83611345999147,0.8437575292905032,1.4428586318510768,750.5739231255978,normal
81.66805671392828,1.7847673520633562,67.8747604651373,0.8304985162520339,1.4460123393740425,748.523017483783,normal
81.76814011676397,2.395114656425934,67.89519168011314,0.8361801770077392,1.4357348293797907,751.3908756173952,normal
81.86822351959967,2.42984958855316,67.81829688034595,0.8375497672121824,1.4534312977734336,749.9050873552824,normal
81.96830692243536,1.7455369932006497,67.83841744720067,0.8490194453682259,1.4380141707602891,750.2502745244649,normal
82.06839032527107,1.5664962814652026,67.84456276508095,0.8541709601809475,1.4521929696150735,750.2586205724376,normal
82.16847372810676,2.1566301640455205,67.75492708149547,0.8576029746564382,1.4440948999615602,748.433499857315,normal
82.26855713094245,2.4335989348989204,67.81682666502202,0.8592490661660382,1.4477775957570276,749.5931698737656,normal
82.36864053377815,1.6453428595289792,67.82581006738158,0.878339619966839,1.4567719064211055,750.678538516507,normal
82.46872393661384,1.6543775860372578,67.7820452070031,0.8745898670539936,1.4584418703811581,752.1831458583798,normal
82.56880733944955,2.37507536779638,67.8783871259256,0.8682020646515017,1.4469670944959088,752.0113718146225,normal
82.66889074228524,2.5094915671421045,67.82196504578482,0.8651918985129606,1.4723295512478505,750.0742585960362,normal
82.76897414512094,1.7332816280734078,67.83575935552565,0.8603799089990462,1.4478343864782257,750.2996856782578,normal
82.86905754795663,1.5997373075209282,67.87007206846766,0.8656397657569073,1.4489663955911258,750.0318721151503,normal
82.96914095079232,2.4805015237311085,67.83300837325235,0.8539091454356131,1.4585070326838163,750.4817589633439,normal
83.06922435362803,2.44032517564618,67.78209785691483,0.8498483859453949,1.4486143062780588,751.7827897731896,normal
83.16930775646372,1.7040555550348055,67.76673521590168,0.8189370866434108,1.4449561872423258,750.131327655779,normal
83.26939115929942,1.7760517109087337,67.87573022247888,0.8420904776025341,1.441835760455185,750.4133765701484,normal
83.36947456213511,2.556402855649265,67.7741286784544,0.848587601247296,1.4538807287097462,750.8937052411444,normal
83.46955796497082,2.356410694471447,67.78530975609505,0.8370028660778226,1.4499046186575364,750.8817504275993,normal
83.56964136780651,1.4359384345177955,67.88845622851787,0.8395340298141676,1.43680469516531,750.650319273094,normal
83.6697247706422,1.6946521896859645,67.85699394664597,0.8338743226977928,1.4445333680056025,748.3952490111046,normal
83.7698081734779,2.276649482827105,67.75586036574502,0.8325304454554204,1.4442198473326275,747.9489032666463,normal
83.86989157631359,2.371137155974744,67.91629325029258,0.8587657694386034,1.4497028960641,749.9475573897529,normal
83.9699749791493,1.4790101551510124,67.83708771316995,0.838541905581284,1.44974316943961,751.3824880802704,normal
84.07005838198499,1.4817453373192,67.89947922055329,0.8372605407545823,1.4594766816802822,750.0283101867811,normal
84.17014178482069,2.436658079631217,67.90707565570314,0.858119664156511,1.4454189323723208,748.6211704162512,normal
84.27022518765638,2.2726464340339874,67.92124805369926,0.876751025484936,1.4594889723956126,751.1359695971365,normal
84.37030859049207,1.536877401559972,67.86925334464216,0.8789936438457853,1.446680219900031,751.6134703301884,normal
84.47039199332778,1.6770504484999476,67.87295240328484,0.8653144838814848,1.4526681613928825,750.352923081518,normal
84.57047539616347,2.497456602671365,67.83234800745483,0.8771728855649287,1.4682762413696266,752.5036085059158,normal
84.67055879899917,2.443377329447941,67.76223086494429,0.8640997070685879,1.4687759334376254,750.733510354109,normal
84.77064220183486,1.7049504017656893,67.89451853246442,0.84814385177882,1.4340735375736822,750.3733082211112,normal
84.87072560467057,1.7010790646767155,67.8002876048995,0.8731217542032483,1.448728739784555,746.702844211875,normal
84.97080900750626,2.390179015937539,67.75099223344107,0.8644774159624614,1.4643404240879834,748.3565335190187,normal
85.07089241034195,2.2489248660038803,67.90505938460937,0.8331002496840432,1.4500136015049658,750.6917663087922,normal
85.17097581317765,1.5391516008170156,67.86181108429173,0.8314171880725303,1.4506700284152114,749.1026396737643,normal
85.27105921601334,1.6686077574584968,67.83868952547162,0.8139797697634087,1.4513505945199026,747.4951068957321,normal
85.37114261884905,2.5099349993011804,67.92541161585457,0.8227585426153758,1.4564129076162602,749.3262083845925,normal
85.47122602168474,2.3528123848536824,67.82671817256983,0.8242806072505977,1.4558026687394119,747.4633119179986,normal
85.57130942452044,1.6871271490426896,67.83308431993349,0.8193965988404638,1.4586975351570268,752.811739903877,normal
85.67139282735613,1.6799477604748392,67.91486452368444,0.8352096531659317,1.4545196452290112,747.8203454768585,normal
85.77147623019182,2.324714262681693,67.822626322385,0.8366270517904156,1.463203883102453,748.7734904000719,normal
85.87155963302753,2.2212064125439497,67.76038228098679,0.8572408997873175,1.4371141173056137,751.9252403667085,normal
85.97164303586322,1.589529148698571,67.91265341274404,0.8546709679339372,1.4305848310006561,748.1127121908745,normal
86.07172643869892,1.6012950924891451,67.92468268305021,0.8494740403562029,1.4613470576574465,749.9474209693102,normal
86.17180984153461,2.302513398728958,67.80852409388656,0.8501863238078091,1.4595130524487778,749.784562467235,normal
86.27189324437032,2.4454158940078785,67.80297538297216,0.8676929993250477,1.431128895164185,749.2873213891553,normal
86.37197664720601,1.5679740605718049,67.91564379628817,0.8723057910679247,1.4351200048471842,751.489200264274,normal
86.4720600500417,1.6304840603764221,67.86698369079558,0.8615292497054914,1.4493542976556866,748.9435737394323,normal
86.5721434528774,2.350944495307916,67.83679831065426,0.8854824591175718,1.4592594242654657,746.2611453196656,normal
86.67222685571309,2.2372306219434526,67.86080919226612,0.872843299650143,1.4646961458588226,749.3043775589991,normal
86.7723102585488,1.6632249365008813,67.84625208876267,0.8626792920000146,1.447450287156349,749.1345673847508,normal
86.87239366138449,1.6384560757347157,67.80286732451734,0.8738417715978669,1.4430202486136212,751.8352179096919,normal
86.97247706422019,2.3659439762942496,67.86993433841513,0.8454427786857361,1.446359865802888,751.276625292797,normal
87.07256046705588,2.1845297257217138,67.84384501238601,0.8453430380272813,1.4524703870963054,748.3276708743623,normal
87.17264386989157,1.6559698629486443,67.83137731961658,0.847732547077102,1.4489097656281327,749.5769187280783,normal
87.27272727272728,1.5907567126957116,67.94043250813479,0.8261556176216172,1.4495686701350707,753.2947752056538,normal
87.37281067556297,2.281066689904767,67.73723172208055,0.8466804614596202,1.448464292040557,752.5811707762575,normal
87.47289407839867,2.3188496419961697,67.80856245333536,0.8230261020867381,1.4259973453846162,750.6654108487802,normal
87.57297748123436,1.7212998222376035,67.88682118261488,0.8308253976034335,1.441713137501707,749.1908480067685,normal
87.67306088407005,1.845595296715231,67.93924056352276,0.8360359148685769,1.452917219208601,751.1065481274386,normal
87.77314428690576,2.470184641945839,67.7905373749034,0.8418802628761819,1.4485722581134628,751.9475056385947,normal
87.87322768974146,2.1168804399799424,67.86084053262607,0.8306767074666588,1.4557074404293446,751.270499787755,normal
87.97331109257715,1.5118973789702193,67.79542255541577,0.8373207936755184,1.4562691118787745,748.9920757368101,normal
88.07339449541284,1.8157544406979438,67.93937691774657,0.8510277169645375,1.4533166873763632,749.4477641282,normal
88.17347789824855,2.482440119419033,67.90539189563513,0.8555226731874414,1.4536545833566044,749.5867148937702,normal
88.27356130108424,2.154950591783143,67.85726304433553,0.8767026713226963,1.4704112328675996,749.5725735009236,normal
88.37364470391994,1.645169271451628,67.81493622055936,0.8604732831162163,1.4499135459033208,749.6616177535527,normal
88.47372810675563,1.8545369192960828,67.953463421367,0.8624373203580983,1.444083707693057,750.8977496077388,normal
88.57381150959132,2.46252220067196,67.80404314224123,0.8699234629064514,1.4424587496259305,750.1286974219671,normal
88.67389491242703,2.2236410988162048,67.83999647326304,0.8691819140495265,1.4712730647161758,748.2240319353589,normal
88.77397831526272,1.654048774096574,67.81142437959717,0.8721472765746893,1.4593881223940466,749.0524662061794,normal
88.87406171809842,1.659015824022624,67.92663565342473,0.8576391857233548,1.4427536886754588,747.6717730587205,normal
88.97414512093411,2.50132155246514,67.92527627830943,0.8423362616484174,1.4542686287115425,753.1861459949963,normal
89.0742285237698,2.192291592701584,67.88710346358948,0.8608905198994787,1.4577644743665676,751.2055940270104,normal
89.17431192660551,1.5039300224234373,67.87698279366073,0.8353610786410833,1.448695106416308,750.9708106192186,normal
89.2743953294412,1.740197002735772,67.79715551633497,0.8318049872058545,1.445829905167796,748.5289385853196,normal
89.3744787322769,2.6879169938293592,67.87734945822571,0.8355595825918687,1.4650247627136475,750.867041235856,normal
89.47456213511259,2.0927584990025423,67.88272006065252,0.8217514909113632,1.4354580809016322,751.6435474582393,normal
89.5746455379483,1.4509339316533114,67.94511342007846,0.8344348377172939,1.4543065616718085,748.626081265207,normal
89.674728940784,2.009903207996612,67.88161537791697,0.8507036362649084,1.4409249417048764,750.7834756593575,normal
89.77481234361969,2.3146620902980084,67.84712799204296,0.8321259448566971,1.4528295924409718,749.4246668240747,normal
89.87489574645538,2.26373471288967,67.85717789356715,0.8320178733557082,1.4499401097079534,750.1860634809634,normal
89.97497914929107,1.552608797402509,67.85835739945387,0.8457333966298619,1.4485418200902447,747.8194492908724,normal
90.07506255212678,1.6809737291948792,67.88709015801366,0.8495100135316798,1.4600890077707527,749.593284556631,normal
90.17514595496247,2.289168137356139,67.9058982065657,0.8583270165914121,1.4328513767241768,747.1928124526282,normal
90.27522935779817,2.0212496554750663,67.90604623522869,0.8574610231777804,1.4451381555016787,750.4758069280023,normal
90.37531276063386,1.6800266700335507,68.02867101150386,0.8579022961880032,1.4531628103026764,749.8613865289944,normal
90.47539616346955,1.845603032231889,67.8856167660361,0.8523945020567868,1.4615946055164168,748.9317683520612,normal
90.57547956630526,2.3946130122993994,67.8772481849275,0.8633997512026503,1.4401596965723167,750.1362852866831,normal
90.67556296914096,2.208882493821866,67.79401335719355,0.8613825556080953,1.4596315889971476,748.122966156416,normal
90.77564637197665,1.647759192455656,67.89948718115454,0.8775314177443404,1.4491583336172194,750.1736408860722,normal
90.87572977481234,1.7124063472262616,67.88863857672008,0.8492302723369314,1.4622464638831971,752.5684227140575,normal
90.97581317764805,2.4341200200763664,67.91740764735069,0.8645498086685919,1.4588945762839833,750.6238871499995,normal
91.07589658048374,1.9690748969918848,67.9857914221324,0.836215375265888,1.4671424914426485,749.1005828100381,normal
91.17597998331944,1.5534917810423026,67.9099032316947,0.8386073251226063,1.4331926911136061,748.9644070122085,normal
91.27606338615513,1.886272881032475,67.85657509019377,0.8565904462397244,1.441077786538175,746.6326902578952,normal
91.37614678899082,2.6231644434117083,67.9491576562026,0.8254801083671066,1.4490893593673202,749.8071683074148,normal
91.47623019182653,2.0307854732087547,67.90253330663519,0.8298763996654045,1.4535010113921554,747.633125888552,normal
91.57631359466222,1.4307277560232505,68.01215986999014,0.8249266490062446,1.43584860165555,748.0887178190533,normal
91.67639699749792,1.7640822382208616,67.95614177637528,0.8265723493694431,1.4450387169999892,748.6000834129277,normal
91.77648040033361,2.428791427866319,67.95127422211556,0.8236653440115447,1.4355660472034104,750.1516567835931,normal
91.8765638031693,2.108210615066948,67.95694716568958,0.8448645515924544,1.452100386187075,750.458871971339,normal
91.97664720600501,1.649755337788905,67.94905333875043,0.8566402873817109,1.4591941993586286,750.6042693687463,normal
92.0767306088407,1.8689429723061968,67.9344462665681,0.8345676273681363,1.434876180452665,749.5211841211063,normal
92.1768140116764,2.5501786700390734,67.97926002626026,0.8655989590411451,1.4689280233274997,747.9346801509311,normal
92.27689741451209,2.036364327316959,67.90972070353317,0.8709254829434061,1.4454416383259268,751.0486169014662,normal
92.37698081734779,1.6374115554959707,67.89156852058488,0.8722050804973666,1.4498762613226925,750.1735019180921,normal
92.4770642201835,1.9709383654584318,67.87739091796244,0.8730317474906338,1.437057742785134,750.1556432698013,normal
92.57714762301919,2.749893615645903,67.86609127327495,0.8596879331707609,1.4561079418825342,750.9660231391649,normal
92.67723102585488,2.1853807046956812,67.83495589656607,0.8569602136270691,1.453055426084516,749.0885836757313,normal
92.77731442869057,1.4409328054255492,67.89964677613206,0.8704356302758816,1.4501267191175238,752.4693919660949,normal
92.87739783152628,1.9525210477726938,67.88608600723857,0.8450780241275466,1.439872376444998,748.9754648850077,normal
92.97748123436197,2.454912789632165,67.93133714399224,0.8504529970742227,1.4659746631690895,752.7548805086687,normal
93.07756463719767,2.0058641406568096,67.89497999774994,0.8546740605810438,1.440296684223701,749.3111129077178,normal
93.17764804003336,1.4983185747773067,67.84011099143252,0.8393533495771797,1.4695046680534631,750.1005418498981,normal
93.27773144286905,1.9680577846334497,67.94630860360687,0.8295107794851375,1.451037714839329,748.4777594784628,normal
93.37781484570476,2.4207442182220844,67.93011655940136,0.8214718317184884,1.4591610842831673,749.0836682619662,normal
93.47789824854046,2.080407589346023,67.85400475194041,0.8228709542968723,1.469307872776108,751.5494829274297,normal
93.57798165137615,1.6031548723408793,67.91296170016287,0.841193198141456,1.4412009816946505,749.8130263457541,normal
93.67806505421184,1.881963273430852,67.91026872851175,0.8373234462293543,1.450932156611256,749.4497671328479,normal
93.77814845704754,2.573662749159368,67.9392779445438,0.8354936368881,1.4510701173766396,750.2720848957981,normal
93.87823185988324,2.060303556391716,67.8816478216854,0.8257625717152298,1.4751859098938518,751.7332202472472,normal
93.97831526271894,1.6276316866127394,67.90213617904156,0.8522278773520563,1.449373451488168,750.7007266967902,normal
94.07839866555463,1.884533333269791,67.8681836637806,0.836594539684233,1.4430867328714168,750.0266572676333,normal
94.17848206839032,2.6911344473379053,67.94295160322173,0.85380432103469,1.4653353780851777,747.7146808329013,normal
94.27856547122603,2.2274836543363286,67.86357069182178,0.8860773374604372,1.449846024073397,751.5485601333944,normal
94.37864887406172,1.4568297450593524,67.95606818507459,0.8798057875754405,1.4312510375221854,753.2289411196479,normal
94.47873227689742,2.2158182428466304,68.00184543806856,0.8643701839885541,1.435375113378428,750.3665827611015,normal
94.57881567973311,2.4482689688962687,67.97783845925285,0.8687523073499517,1.4396978686188724,749.4673999016715,normal
94.6788990825688,2.030191934258092,67.95779673053423,0.8560593175648687,1.4656730662862694,748.1828991891246,normal
94.77898248540451,1.4335646115227858,67.98121385390893,0.8512680887594706,1.4478916622585012,749.8775906131774,normal
94.8790658882402,2.0606455917544437,67.9239412359003,0.8610763197577221,1.437637338323408,749.6587502171594,normal
94.9791492910759,2.3818256572406824,67.88973020465095,0.8551400133903148,1.4245803536058061,749.9812408234671,normal
95.07923269391159,2.180201839410893,67.99258297250455,0.8382065861483338,1.4523212903853817,750.7923265391659,normal
95.17931609674729,1.547239193324876,67.89458329390378,0.8577379947141865,1.4688667236962003,750.8495467396066,normal
95.279399499583,1.976571844997038,67.92158542437312,0.8415931471850402,1.4390400886612063,750.0116325220797,normal
95.37948290241869,2.544053849330521,67.98990915531641,0.8346806667804207,1.4446112368248207,751.1352845955755,normal
95.47956630525438,1.8987250891940606,68.02088338277355,0.8258084809512165,1.4510857863418634,752.6430076769788,normal
95.57964970809007,1.4065660737036232,67.9066870144956,0.8316301216297335,1.447081915955397,749.8136398665092,normal
95.67973311092578,1.8943097770614143,67.89720856719279,0.8140003675993412,1.4545743088761836,750.9026010363988,normal
95.77981651376147,2.5436471487531906,67.91254580947005,0.8398946283488412,1.4570461596121393,748.978886544331,normal
95.87989991659717,2.004956905219377,67.96328778698418,0.8584247745290589,1.4477911767260319,748.7004852269544,normal
95.97998331943286,1.6519395068029612,67.92060698288955,0.8588532196079967,1.4349004103206464,748.834189857968,normal
96.08006672226855,2.110211106865622,68.02759324381604,0.835544510888857,1.4463680297450223,749.650567551387,normal
96.18015012510426,2.5204863269020947,67.99251534594117,0.8676775436044695,1.454141438852555,749.9059579437413,normal
96.28023352793996,1.9187141111274777,68.05240404956733,0.8624901338408111,1.4361252487049962,751.2521349097625,normal
96.38031693077565,1.5634178654319637,67.92471589921006,0.8579554643058748,1.4488229069550558,749.1855738787365,normal
96.48040033361134,1.9304692863954398,68.02141792706544,0.8742798328681762,1.4498607496555953,747.4701583516933,normal
96.58048373644704,2.4237165072286784,67.91518492625593,0.8669794533342653,1.4520538802586624,751.9204792281956,normal
96.68056713928274,2.1797818220838945,67.93683010473256,0.8702111933738202,1.4546353334250421,753.0734599143976,normal
96.78065054211844,1.314917774245242,67.93319621658748,0.8504141977830427,1.452942433919204,748.39257773866,normal
96.88073394495413,1.9781311806256807,67.98206037329375,0.871671184395863,1.4517698279753655,751.205766206583,normal
96.98081734778982,2.4591138738496503,68.02041890198105,0.8409394581539044,1.449116317438598,751.0786889391627,normal
97.08090075062553,2.0562532694244564,67.95844459160601,0.8315005732490068,1.4493106655004688,748.4514041206006,normal
97.18098415346122,1.4041544718945265,67.93455813648917,0.8591591086945187,1.4447762233028107,751.8640685931132,normal
97.28106755629692,2.0605204202025544,67.98200957307316,0.8494333295271922,1.4596667424801095,749.4235525594218,normal
97.38115095913261,2.5757491654172187,68.02808820713508,0.837251336862783,1.4353418015367554,749.8541869420873,normal
97.4812343619683,2.0140670101764107,68.03320455582897,0.8504471915767975,1.4600251600947525,751.838580166003,normal
97.58131776480401,1.3480761072598686,68.00737391961687,0.8356999781873721,1.4472086889289093,750.1741068076543,normal
97.6814011676397,2.00477969755537,67.98607151291885,0.8190145664084678,1.4487116449942319,749.1898812446107,normal
97.7814845704754,2.4544073236167083,68.03837942741134,0.8436158832420894,1.4236140887163296,750.2566541002761,normal
97.88156797331109,1.9135638251927847,67.96159962437474,0.8571033962441205,1.4661751264971308,749.589497737682,normal
97.98165137614679,1.4862895906616391,67.93350253173969,0.8490337842129104,1.4639149892004997,750.1062065388643,normal
98.0817347789825,2.191712922068586,68.03591656576087,0.8793145379528182,1.4399137150968009,751.0780181118597,normal
98.18181818181819,2.518335414805446,67.90163602974593,0.8680071323008398,1.4527128021005062,747.6597625108229,normal
98.28190158465388,1.86495146811801,68.02907367066922,0.8756248472268101,1.4583431179655684,751.3271303681109,normal
98.38198498748957,1.5002847793877094,67.9708368302356,0.863289525038631,1.4529377264456407,748.8236853315157,normal
98.48206839032527,2.069280934940447,67.9910956931598,0.8852724872183863,1.4473540254174155,750.5103262552608,normal
98.58215179316097,2.664062747978068,68.0578816986512,0.8603925303333461,1.458807802742512,750.9267289378814,normal
98.68223519599667,1.7829433898061815,68.03652210736222,0.8712419297827816,1.445853837429634,746.6541409812654,normal
98.78231859883236,1.6403005746350934,68.02049070521814,0.8729390274894223,1.4450803587588852,750.5735147567488,normal
98.88240200166805,2.084757800143324,67.96642501337631,0.8559861272932349,1.4590608357531198,752.0334698434348,normal
98.98248540450376,2.6366819902386136,67.97447101989476,0.8398312536610261,1.4405736637953668,749.0132243020136,normal
99.08256880733946,1.8701723035364692,67.97185480009145,0.847581954014255,1.4551850817567937,749.2377381387358,normal
99.18265221017515,1.3366514030772887,67.99939789850596,0.83702360367402,1.4598414496852237,749.2021433223999,normal
99.28273561301084,2.1563195015435204,67.98003880083348,0.8216583398132008,1.4492068246887155,750.8649543745685,normal
99.38281901584654,2.6165942373067037,68.03603906935295,0.8316517095040807,1.4417130004471965,752.0865266627366,normal
99.48290241868224,1.7612444241798386,67.9207448430962,0.8289425032854835,1.4312209931545188,749.737840464938,normal
99.58298582151794,1.4817730717234914,67.99361541620628,0.8203045179884528,1.452749436920968,751.331337927505,normal
99.68306922435363,1.840165774120853,68.00976971116049,0.8180979764891043,1.4461575282301222,749.8383952127549,normal
99.78315262718932,2.5194516676855985,67.96301504154222,0.8287970438597553,1.4531324886470167,749.3486191876794,normal
99.88323603002502,1.9636401004989976,67.93591780924635,0.8353221159873409,1.4578105537275878,747.7307533030718,normal
99.98331943286072,1.4945850768103766,67.95380274988644,0.8471682933945042,1.453702958646992,748.4203116581554,normal
100.08340283569642,2.0913775457444204,67.99571386410247,0.8633154860440971,1.452205753711822,750.6004881044939,normal
100.18348623853211,2.5460288620080505,68.02325495602891,0.8706218441949488,1.4543771554240026,751.6064505501655,normal
100.2835696413678,1.7976137002652335,68.04872606637706,0.8683971400791289,1.4561789454268874,750.8620438411402,normal
100.38365304420351,1.5331681822923269,67.97902383184399,0.8652429175344379,1.4576440497970604,751.5654102991746,normal
100.4837364470392,2.232645150144562,67.93572333212269,0.8678763182424734,1.4518252610630542,751.2807213974489,normal
100.5838198498749,2.44249905785073,68.04238424379626,0.8601090515818147,1.456078847410047,748.1742502757678,normal
100.68390325271059,1.902338979945971,68.03941639313747,0.8691423808250638,1.4323882613728678,746.520818566279,normal
100.78398665554629,1.6114475760476898,68.0048516400186,0.8622204150003427,1.4596273989259787,748.8177253275661,normal
100.884070058382,2.2645992640543193,67.97588060566929,0.8483241513920782,1.4477451417135523,750.4912877389824,normal
100.98415346121769,2.549590344037584,68.07990699137696,0.844588360800727,1.4656315348503461,749.5280792905595,normal
101.08423686405338,1.9640038736284973,68.01286074633414,0.839345961491272,1.4757762559741054,748.7379394399069,normal
101.18432026688907,1.2688146296531329,68.06909217029872,0.8218208154516056,1.458492727267808,747.1928390407935,normal
101.28440366972477,2.1731596003009646,68.02309193878904,0.8369317701636527,1.4422419433072053,751.7867479327476,normal
101.38448707256047,2.493976431084051,67.96587782772546,0.8373727165603853,1.4535838122386031,751.7217119368642,normal
101.48457047539617,1.7998395885211924,68.04052151870604,0.8363169813016036,1.4514969773432862,747.2606627304971,normal
101.58465387823186,1.5347517981045506,67.98525645468803,0.835845587858669,1.4479515409739876,749.4550067596861,normal
101.68473728106756,2.181220333949543,67.99427448837015,0.8239263156467356,1.4665717612029177,748.7646718139164,normal
101.78482068390326,2.4964762470362243,68.03079551940161,0.8358017325696406,1.4617332232471392,748.1094023313115,normal
101.88490408673896,1.6948101003919591,68.0745678435999,0.8529215827316344,1.4495035583476592,746.934057314258,normal
101.98498748957465,1.5197046225788355,68.06335358838606,0.834417825711112,1.4584721941547927,749.7402381921885,normal
102.08507089241034,1.9064056414979786,68.04081605077046,0.8454579273353803,1.4571070143026532,749.6663265025352,normal
102.18515429524604,2.414035142792343,67.99402140591626,0.883673665627069,1.4498529759427994,748.8283909881861,normal
102.28523769808174,1.6006973464872678,68.07462694939325,0.8631634762574174,1.4356991203226148,749.7759842762022,normal
102.38532110091744,1.6327038450690337,67.99167229972879,0.8793993189513202,1.4364780974545959,748.7583822264367,normal
102.48540450375313,2.2009121853309366,67.96570294568266,0.8801749239228498,1.4366349963910847,751.6689866678214,normal
102.58548790658882,2.322669768287486,67.98828744947409,0.8590634835588271,1.4263411139385613,752.2189026146044,normal
102.68557130942452,1.763343494485578,68.04660245556035,0.8598515953385694,1.4450786067683936,752.8384795565722,normal
102.78565471226023,1.5357664499416275,68.06993529648079,0.8311420098716749,1.4533113656229815,748.8941200536232,normal
102.88573811509592,2.3899530496721213,68.05685514992969,0.8626964792230231,1.436411179518936,751.1530173328508,normal
102.98582151793161,2.381293533473041,68.08075589180538,0.8434539348233545,1.4492926453978945,751.116706492548,normal
103.0859049207673,1.9131925123172895,67.9985610646779,0.8452237770544684,1.4418003959889285,749.8416634804486,normal
103.185988323603,1.5019324154507403,68.01913546237871,0.8406695574077628,1.4508425945058525,748.8220289668686,normal
103.2860717264387,2.2947016391969086,68.07474600881574,0.835394763780282,1.4526711637146397,748.309782253188,normal
103.3861551292744,2.2900013147994596,68.02345110585264,0.847606948128687,1.4492883007569313,751.519928975045,normal
103.4862385321101,1.7496473234942609,68.02530217032323,0.8300624662763249,1.4552637904333947,752.1040309681746,normal
103.58632193494579,1.6760083830786152,68.04710015720151,0.8465763189601789,1.4410812677331761,751.614124787281,normal
103.6864053377815,2.09146539837065,67.97816589598504,0.8238280279191663,1.464027233800368,745.8259812789717,normal
103.78648874061719,2.4344993152143224,68.04957909491499,0.8278194868760002,1.438690668714815,750.8910969227188,normal
103.88657214345288,1.754463131514354,68.10269988981214,0.837569172138788,1.4632685786778177,749.301290287496,normal
103.98665554628857,1.6355588324356083,68.0802558194966,0.835819529889359,1.4541758827295141,750.6295952289588,normal
104.08673894912427,2.2538041147488816,68.01472799605492,0.8317812192721454,1.4418742454297022,747.2843134468517,normal
104.18682235195998,2.5440703535682982,68.07855279509,0.8690138339696667,1.4454856975153132,748.5960522362024,normal
104.28690575479567,1.8624421140098024,68.0816898942864,0.8615278881810757,1.459475010170698,750.885375829114,normal
104.38698915763136,1.6455361448076435,68.05051248056196,0.8580145505865591,1.4593474382458835,750.2466125241997,normal
104.48707256046706,2.260416684752853,67.98456072501497,0.8736299461381878,1.437239553375302,751.5754325210784,normal
104.58715596330275,2.408739904601787,68.07389559154781,0.8565826543794669,1.4497600366858254,750.3116458535642,normal
104.68723936613846,1.814058832292798,68.07234813047644,0.8687152736060988,1.4390117436664105,749.5468262270698,normal
104.78732276897415,1.8660634444997408,68.1179228595224,0.8509256790140188,1.4522235121999691,750.9998955095227,normal
104.88740617180984,2.2638863417973902,68.11627244671388,0.8473877462571396,1.4397039321433907,748.3252248940743,normal
104.98748957464554,2.307316564214801,68.09247485003847,0.8629526858093739,1.4509869091916696,750.6552361003271,normal
105.08757297748124,1.7696510099794902,68.04668837204623,0.8460820219363062,1.450134330125953,749.5119448082943,normal
105.18765638031694,1.4546040069500186,68.11729391316459,0.8265720948605209,1.4435291221178959,748.1820137752896,normal
105.28773978315263,2.185988278783811,68.04445426417709,0.8431854368328191,1.4497474575803901,750.9010845449545,normal
105.38782318598832,2.52965626751312,68.01243862721545,0.8366544067756058,1.4555029127641068,749.2202398384417,normal
105.48790658882402,1.640369902621087,68.04328171071873,0.8379300864830219,1.4519435195470771,748.4978509157053,normal
105.58798999165973,1.515192298158151,68.04614359756741,0.8204859434413578,1.4324262790358533,747.1614747718337,normal
105.68807339449542,2.327590461070744,68.0591321594275,0.8351716206924539,1.4577238378189685,750.8082139973635,normal
105.78815679733111,2.306545347507105,67.94828707860601,0.8249965426388313,1.4473815583023133,747.6663878992343,normal
105.8882402001668,1.7950401947695571,68.08427682336271,0.842873030951541,1.427952935212103,747.1615064133553,normal
105.9883236030025,1.792220373316405,68.04960441977948,0.8571430889124649,1.4458738658498906,749.8072164998076,normal
106.0884070058382,2.301078672553512,68.14213768806933,0.8478807740780923,1.4321339339310524,748.789316452698,normal
106.1884904086739,2.3597247377992105,68.06939277274243,0.8626355422392662,1.4419643614918856,750.7024985560612,normal
106.2885738115096,1.8827498026154341,68.1167348914941,0.857534420634083,1.4360932670373254,749.9379896294581,normal
106.38865721434529,1.6938708303727505,68.22769604854254,0.8644427284793589,1.4502922030948047,750.9752708334164,normal
106.488740617181,2.364246885297328,68.09075697600063,0.8732521398508448,1.4529050567780712,750.1283546324444,normal
106.58882402001669,2.3991787269233944,68.16022007236572,0.87055831511908,1.4409180656294298,751.2040121237054,normal
106.68890742285238,1.7402805200696434,68.02432809769535,0.8653782630366637,1.437606408873931,750.7442073025678,normal
106.78899082568807,1.6542939889695543,68.05512585930158,0.8764950763642423,1.4472620541644474,749.7209465731362,normal
106.88907422852377,2.329785634792901,68.10914983058372,0.8501683694621218,1.4616737426032986,751.6695422424327,normal
106.98915763135948,2.3768898103247116,68.14431236235706,0.8541556259519921,1.4562143298586845,749.6209539988649,normal
107.08924103419517,1.6073954842062463,68.08336309024088,0.8518688048196343,1.4528802022763756,750.5476610367346,normal
107.18932443703086,1.7511721815142522,68.07139369412245,0.8364099571878357,1.4546138815115033,750.041365386563,normal
107.28940783986656,2.310944868272981,68.03110469833705,0.8341608018955343,1.4632919166821503,751.0426464950586,normal
107.38949124270225,2.3439478887021203,68.04870433372669,0.8239498298620578,1.4585503626792413,751.9372079482539,normal
107.48957464553796,1.6898508489929815,68.13637185709199,0.8313256617713414,1.4383661765346327,751.5945534542825,normal
107.58965804837365,1.7936778313702686,68.20961256255065,0.8299794844590636,1.4308752460332017,748.6266637391509,normal
107.68974145120934,2.5075527898469083,67.99361298168296,0.8352764313958647,1.4455833166662124,748.9703226026379,normal
107.78982485404504,2.336152136067143,68.03327181691417,0.8472970752494016,1.4335774663372354,751.152424019944,normal
107.88990825688073,1.6541113958265672,68.07603049549432,0.8384730624876778,1.4517097808510069,747.3854270518784,normal
107.98999165971644,1.7077518153689775,68.1405603672781,0.847028493730238,1.4653368862664606,750.7721540309562,normal
108.09007506255213,2.379496773986456,68.0912955287224,0.8436592148024711,1.4641745493899807,746.4275557879604,normal
108.19015846538782,2.488943745578304,68.03789576210164,0.8742020381069504,1.4626457469797167,749.6274463206884,normal
108.29024186822352,1.6153636034246979,68.14441629652457,0.8737323427356223,1.4537943947335183,752.5159445910509,normal
108.39032527105923,1.8005829949398737,68.056453500911,0.8807454379666243,1.4596227070215677,750.4280988953465,normal
108.49040867389492,2.6394585466791907,68.11543082225278,0.877696609807176,1.438215376738511,749.5272590845038,normal
108.59049207673061,2.2518597146664474,68.09398546068704,0.8653279967253052,1.4371562666602604,750.132321562207,normal
108.6905754795663,1.594836907433063,68.01878739272975,0.865603278219144,1.45997414587504,752.0430585939341,normal
108.790658882402,1.521449527095404,68.06399431823671,0.8718274083674086,1.446020140125215,748.2758884390322,normal
108.8907422852377,2.523807140578186,68.2057813156422,0.8692958394564603,1.440941697256153,749.5420743206756,normal
108.9908256880734,2.456141255244357,68.08585288007497,0.8332878480626473,1.457072606432916,750.4646067049619,normal
109.0909090909091,1.5549071931237888,68.07664204447691,0.8362957915586838,1.449892905585809,751.7043743664774,normal
109.19099249374479,1.7914710118997261,68.01986043603128,0.8365372978305983,1.4452308095721509,751.7655124368644,normal
109.29107589658048,2.3346203905439076,68.00542334179991,0.85013238652316,1.4575258278421461,749.2269315232019,normal
109.39115929941619,2.296309893897997,68.05382165442572,0.8305828308003665,1.458975071934803,749.7601458511832,normal
109.49124270225188,1.6343090160271743,68.10565614248932,0.834196496805704,1.4526722560638234,750.9635402944862,normal
109.59132610508757,1.8078409451048785,68.16088062829564,0.8236104921018786,1.4496536041293255,749.5601191316226,normal
109.69140950792327,2.4221936131628077,68.1112288505882,0.8358966961559745,1.4512181727485756,751.6847726030425,normal
109.79149291075898,2.233428346955568,68.08668801884974,0.8457394599503598,1.4551798093685793,750.7014947275964,normal
109.89157631359467,1.70114606365195,68.07417065243716,0.8508786381401428,1.439395426547893,750.1507041287601,normal
109.99165971643036,1.5403204403413309,68.10339877467828,0.8475795611497009,1.456294262926993,752.3250813343168,normal
110.09174311926606,2.3734936899368564,68.12059083921567,0.8432444345718122,1.4231236091725148,749.7540938865798,normal
110.19182652210175,2.2261813155205536,68.14800876568859,0.8818084576952464,1.4384129582092582,751.8878922028888,normal
110.29190992493746,1.5051112788546934,68.05311958405198,0.8552816156749232,1.4390004610550193,747.5983136330694,normal
110.39199332777315,1.8333741372960988,68.1022484175359,0.8650031566525066,1.4301188515175862,751.7519195847281,normal
110.49207673060884,2.469643234866642,68.08227112801188,0.8718307760629419,1.4632689996257247,747.6123715972769,normal
110.59216013344454,2.161329354101267,68.11072007383088,0.8712792831823867,1.4363201722508603,748.4139969629498,normal
110.69224353628023,1.5255770205287051,68.20647357974357,0.8564701496623184,1.4686450595649465,750.165135351337,normal
110.79232693911594,1.6866355528105919,68.15875428291704,0.869835336740966,1.4532354380566535,748.41973276413,normal
110.89241034195163,2.339748299861249,68.16346341902295,0.8522080050406695,1.4604281893695794,749.6862720711372,normal
110.99249374478732,2.38527063111446,68.1136878455597,0.8316075187124412,1.4536011138343465,747.7758046880532,normal
111.09257714762302,1.6360364526635744,68.1510021881327,0.8677415098651182,1.442330697386981,747.1841612680066,normal
111.19266055045873,1.7607719628298502,68.08593466908972,0.84742904821413,1.4329188673585125,748.2333868952711,normal
111.29274395329442,2.526421920844022,68.06878064539231,0.8345754229846245,1.454222790965352,750.326650018148,normal
111.39282735613011,2.0559314876799544,68.10585164423095,0.8360557180335229,1.4564596890975787,749.0349735484541,normal
111.4929107589658,1.6126873702242273,68.18209012864295,0.8382784641031505,1.4587714333550743,750.5862597315254,normal
111.5929941618015,1.8852713016161495,68.21102461597677,0.8262344525576917,1.4344124249538839,750.4780158860535,normal
111.6930775646372,2.2950800718578983,68.15141876732591,0.831086794458112,1.4483534840614032,748.9830497440595,normal
111.7931609674729,2.1420753727500306,68.0651097950878,0.8487040202278509,1.4689227179323683,748.136402405656,normal
111.8932443703086,1.5317300447448625,68.22048514964301,0.8525822905408957,1.4676312789997314,748.9066387619138,normal
111.99332777314429,1.6389292613240969,68.11329862173208,0.8556821581433185,1.4531183604640527,750.0944000731339,normal
112.09341117597998,2.276004710349452,68.13442687419061,0.8542383582723923,1.4659094020434573,750.952167920819,normal
112.19349457881569,2.1821167514671442,68.12871177988458,0.8533730332511722,1.4419217773094242,748.5947312089477,normal
112.29357798165138,1.45807779321066,68.22176743656487,0.8780428304271376,1.4389033184127402,749.8918105538147,normal
112.39366138448707,1.8266664723341242,68.16898199186699,0.8648092695425698,1.4485845736848635,751.228762490351,normal
112.49374478732277,2.5195092925529,68.1389405847165,0.876558489360626,1.4533029935375936,751.3722244599617,normal
112.59382819015848,2.1595080221012135,68.15029437728894,0.8723093276564362,1.4665940217755105,752.5035785198058,normal
112.69391159299417,1.5216488640844434,68.17760978668858,0.8689665124555103,1.4555889142205152,750.6283554512712,normal
112.79399499582986,1.6423871126834546,68.1791501312177,0.8723016397533871,1.4555197117387733,752.6840031207704,normal
112.89407839866556,2.469120991662341,68.20378310066133,0.8679629764489908,1.4592596982410235,750.2616200663549,normal
112.99416180150125,2.231927218357296,68.11421887061502,0.8579290993378051,1.4686471895377229,753.1933119116139,normal
113.09424520433696,1.5933568839058383,68.15197595384221,0.8482959994891783,1.441501069288316,752.8242242010533,normal
113.19432860717265,1.8953567486069447,68.27319607762152,0.827298971640987,1.4538417421579914,747.3385822040525,normal
113.29441201000834,2.382216929013429,68.23668214975476,0.8268925657523223,1.4591406155287148,752.4532185516547,normal
113.39449541284404,2.13726012148555,68.20107337937857,0.8550867314352439,1.4534264330545215,749.559378861463,normal
113.49457881567973,1.5825838172520246,68.12276128561558,0.8270057570651087,1.432106800917728,750.7704658874816,normal
113.59466221851544,1.939249179837296,68.15321521377633,0.8365518650801979,1.4317486763711393,750.1183421594229,normal
113.69474562135113,2.4260010263544403,68.15151290934489,0.8296163082012867,1.4458973367787464,750.6188306409284,normal
113.79482902418682,2.0905233105345733,68.20425097227036,0.8293347619496981,1.4434609601248762,749.0045424503612,normal
113.89491242702252,1.3947853787709188,68.13280465746199,0.8227482951471533,1.448696424084393,748.8971054774353,normal
113.99499582985821,1.8183785332277471,68.0798138903714,0.8325738358159134,1.4602231505208036,750.2107093402241,normal
114.09507923269392,2.4697373101395654,68.11409370509504,0.8419753160232346,1.4322567320376107,747.3760755831503,normal
114.19516263552961,2.1387985124052316,68.17277641756895,0.8537673523128021,1.4555727300209902,746.8798609024129,normal
114.2952460383653,1.4497025944622646,68.11418069937234,0.8541112969865924,1.4466096999562303,750.1075391162043,normal
114.395329441201,1.9227111086139057,68.13133802373851,0.8797195938622042,1.4523004035282918,751.7355789783128,normal
114.49541284403671,2.5430551002057977,68.16440151025324,0.8636424782052657,1.453227440383526,749.1683607381846,normal
114.5954962468724,2.2764547609359487,68.23317243411519,0.8746427910310636,1.445717016380178,752.5963618732148,normal
114.6955796497081,1.6163404885101311,68.18664044965107,0.8718189117469742,1.4446788743505035,748.8013492841468,normal
114.79566305254379,1.8545258663027975,68.18747580974714,0.8532168395516619,1.4390129222864698,750.7673527155326,normal
114.89574645537948,2.543603970715983,68.14027788920146,0.8576813435005285,1.4501225443440287,748.7384773931235,normal
114.99582985821519,2.043268504469497,68.13062330156893,0.848425848072817,1.447061114797915,750.3459524244327,normal
115.09591326105088,1.4878958547578336,68.11799096862285,0.8398554579836447,1.4512044920910463,750.8868612406093,normal
115.19599666388658,1.7763467629968979,68.16265993508551,0.8320099427985805,1.473442615342954,749.9088748711114,normal
115.29608006672227,2.4485165522051853,68.1992804597596,0.8167327407690574,1.460375968039451,747.852031705512,normal
115.39616346955796,2.210935474780362,68.11810087740322,0.8247269481416921,1.4406217479063435,750.3925168175942,normal
115.49624687239367,1.5256223785930834,68.18734097637386,0.8279305321493212,1.4543904234720952,750.9189882640187,normal
115.59633027522936,1.876077690032255,68.18247210531801,0.82308210894148,1.4517880676719053,751.2952044966872,normal
115.69641367806506,2.4672050918208672,68.25128202528468,0.8416179622079117,1.453940655090239,747.3197853770469,normal
115.79649708090075,2.341618130298908,68.11105776883123,0.8410613391993412,1.4638906420720608,750.5687716793498,normal
115.89658048373646,1.493603918196797,68.22796440100505,0.838441693931759,1.4638602956826199,747.787724786612,normal
115.99666388657215,1.94242060303908,68.13621234532164,0.8413056059112204,1.4466441945797301,749.6303520500759,normal
116.09674728940784,2.371528400293087,68.20135313433708,0.8534310138277859,1.4390783801025697,750.539324485572,normal
116.19683069224354,2.202314884676896,68.12583797442079,0.8640666413651159,1.4687805129233715,748.6347637732165,normal
116.29691409507923,1.5624316233012616,68.21223376807087,0.8707288236721995,1.463912219748007,750.2493222004489,normal
116.39699749791494,1.7968643289516497,68.10933245497128,0.8845713321412766,1.4469596661125224,751.7152771664838,normal
116.49708090075063,2.5153570254698714,68.20015336383644,0.8683410390752913,1.4574928521637187,750.2934127990402,normal
116.59716430358633,2.116356831881065,68.12050235507894,0.8837957565053758,1.4508444353277112,749.6969999456437,normal
116.69724770642202,1.6387109214038407,68.1470672962786,0.856838224779018,1.4600121104153514,749.223192555556,normal
116.79733110925771,1.9454438348345147,68.10630109899559,0.8698241720869931,1.447900720857967,751.307341891733,normal
116.89741451209342,2.538003060341911,68.15566673322263,0.8627711002758922,1.4595184763400357,750.8790211196682,normal
116.99749791492911,2.0517304747991583,68.17455429331713,0.8356555186363432,1.4561425791002156,751.9896369746808,normal
117.0975813177648,1.367797678901237,68.19626853003383,0.8564190900406755,1.4399508353280621,749.4416429742388,normal
117.1976647206005,1.9667871628261253,68.15527069248381,0.8428212434620679,1.451642881924526,752.5956062508736,normal
117.29774812343621,2.4338545646624437,68.16412669267902,0.8428639845410716,1.4438324742111732,748.7310304957298,normal
117.3978315262719,2.1773526097529534,68.2903700641251,0.8087111466081389,1.4514767286788215,752.0499720000133,normal
117.4979149291076,1.4913369548227084,68.2279537798685,0.8330677450441571,1.4456613873329756,747.5479697225446,normal
117.59799833194329,1.8241989641268295,68.28124773206751,0.8290867185195187,1.4729689751551676,750.5311058366553,normal
117.69808173477898,2.5133951555968244,68.13493467392004,0.8330354627869703,1.4541688629196736,751.2940189042716,normal
117.79816513761469,1.9556147426582082,68.16653123507221,0.8335107164596111,1.450303563492717,749.2038342887678,normal
117.89824854045038,1.5274992846637345,68.16459053897283,0.8352504161720004,1.4555663074841347,749.2005594474449,normal
117.99833194328608,1.7710738218305075,68.19246679410618,0.8507927478550906,1.4580639336924808,745.6347535840553,normal
118.09841534612177,2.5854057733836404,68.18214912610803,0.8514113907926297,1.4485932531950283,750.4975045181434,normal
118.19849874895746,2.2105833867834184,68.23461504805944,0.8623136419722255,1.4430442725658226,748.5087957455514,normal
118.29858215179317,1.518452123194798,68.10391049846058,0.8796772101673062,1.450500680523054,748.5734257531936,normal
118.39866555462886,1.8730241063136597,68.17703877645457,0.86434932476451,1.4292072499837907,748.3798932570669,normal
118.49874895746456,2.2490298130403215,68.13952850255271,0.8514764038241504,1.4385416556013877,753.379924101573,normal
118.59883236030025,2.209791028297027,68.24528724560734,0.8674936216211224,1.4548465323933237,752.6542251453449,normal
118.69891576313594,1.4440200940051782,68.16814309914363,0.8639162858587678,1.4526250633189162,749.2878327287979,normal
118.79899916597165,1.9732886736868092,68.25242283361604,0.8640696777898303,1.4490363367441308,749.6086638091145,normal
118.89908256880734,2.454474329712502,68.17938004245713,0.8643324576641124,1.4363019718228378,748.9763401089477,normal
118.99916597164304,1.974560139669989,68.15769364457351,0.8544373657068071,1.4657175243031355,750.2656813656156,normal
119.09924937447873,1.2903414039048402,68.18722078583518,0.8226052538969741,1.4392912763328907,748.8317311286463,normal
119.19933277731444,2.1523988630936426,68.26501763941212,0.8452707900136651,1.461004185709051,752.0233249462684,normal
119.29941618015013,2.4152621922325643,68.19227279597848,0.8232143563846583,1.449394562899683,748.3934853698445,normal
119.39949958298583,1.976940346411258,68.10831268778983,0.8271837329380909,1.454029267463848,750.0238806820006,normal
119.49958298582152,1.4281749225096605,68.12499733068275,0.8164651783934584,1.4554618506803336,752.7129049743244,normal
119.59966638865721,2.0340769890317953,68.26406795899372,0.8340463164197444,1.4555953693455776,750.5737191104506,normal
119.69974979149292,2.450046674259529,68.22780700584755,0.8228215266388765,1.4344342483727635,746.8220519354783,normal
119.79983319432861,2.1422332294513584,68.1217648817843,0.8375808430805858,1.4297224220197433,750.9878826382853,normal
119.8999165971643,1.4510175358961521,68.24295156355619,0.8285231606290643,1.4601220449342829,749.3746983983972,normal
120.0,2.0670476595621823,68.25978086585876,0.8523604974456006,1.4397574754677744,751.6476862737758,normal
